filename,set_name,card_number,variant,full_name,filepath,class_from_folder,set_encoded,card_encoded,variant_encoded,card_id,card_id_encoded
laar_1.webp,laar,1,normal,laar_1,laar\laar_1.webp,laar,0,0,1,laar_1_normal,10
laar_10.webp,laar,10,normal,laar_10,laar\laar_10.webp,laar,0,1,1,laar_10_normal,0
laar_11.webp,laar,11,normal,laar_11,laar\laar_11.webp,laar,0,12,1,laar_11_normal,1
laar_12.webp,laar,12,normal,laar_12,laar\laar_12.webp,laar,0,23,1,laar_12_normal,2
laar_13.webp,laar,13,normal,laar_13,laar\laar_13.webp,laar,0,34,1,laar_13_normal,3
laar_14.webp,laar,14,normal,laar_14,laar\laar_14.webp,laar,0,45,1,laar_14_normal,4
laar_15.webp,laar,15,normal,laar_15,laar\laar_15.webp,laar,0,56,1,laar_15_normal,5
laar_16.webp,laar,16,normal,laar_16,laar\laar_16.webp,laar,0,67,1,laar_16_normal,6
laar_17.webp,laar,17,normal,laar_17,laar\laar_17.webp,laar,0,78,1,laar_17_normal,7
laar_18.webp,laar,18,normal,laar_18,laar\laar_18.webp,laar,0,89,1,laar_18_normal,8
laar_19.webp,laar,19,normal,laar_19,laar\laar_19.webp,laar,0,100,1,laar_19_normal,9
laar_2.webp,laar,2,normal,laar_2,laar\laar_2.webp,laar,0,111,1,laar_2_normal,11
laar_3.webp,laar,3,normal,laar_3,laar\laar_3.webp,laar,0,143,1,laar_3_normal,12
laar_4.webp,laar,4,normal,laar_4,laar\laar_4.webp,laar,0,154,1,laar_4_normal,13
laar_5.webp,laar,5,normal,laar_5,laar\laar_5.webp,laar,0,165,1,laar_5_normal,14
laar_6.webp,laar,6,normal,laar_6,laar\laar_6.webp,laar,0,176,1,laar_6_normal,15
laar_7.webp,laar,7,normal,laar_7,laar\laar_7.webp,laar,0,187,1,laar_7_normal,16
laar_8.webp,laar,8,normal,laar_8,laar\laar_8.webp,laar,0,198,1,laar_8_normal,17
laar_9.webp,laar,9,normal,laar_9,laar\laar_9.webp,laar,0,209,1,laar_9_normal,18
s1_1.webp,s1,1,normal,s1_1,s1\s1_1.webp,s1,1,0,1,s1_1_normal,143
s1_10.webp,s1,10,normal,s1_10,s1\s1_10.webp,s1,1,1,1,s1_10_normal,31
s1_100.webp,s1,100,normal,s1_100,s1\s1_100.webp,s1,1,2,1,s1_100_normal,19
s1_101.webp,s1,101,normal,s1_101,s1\s1_101.webp,s1,1,3,1,s1_101_normal,21
s1_101_alt.webp,s1,101,alt,s1_101_alt,s1\s1_101_alt.webp,s1,1,3,0,s1_101_alt,20
s1_102.webp,s1,102,normal,s1_102,s1\s1_102.webp,s1,1,4,1,s1_102_normal,22
s1_103.webp,s1,103,normal,s1_103,s1\s1_103.webp,s1,1,5,1,s1_103_normal,23
s1_104.webp,s1,104,normal,s1_104,s1\s1_104.webp,s1,1,6,1,s1_104_normal,24
s1_105.webp,s1,105,normal,s1_105,s1\s1_105.webp,s1,1,7,1,s1_105_normal,25
s1_106.webp,s1,106,normal,s1_106,s1\s1_106.webp,s1,1,8,1,s1_106_normal,26
s1_107.webp,s1,107,normal,s1_107,s1\s1_107.webp,s1,1,9,1,s1_107_normal,27
s1_108.webp,s1,108,normal,s1_108,s1\s1_108.webp,s1,1,10,1,s1_108_normal,28
s1_108_pf.webp,s1,108,pf,s1_108_pf,s1\s1_108_pf.webp,s1,1,10,2,s1_108_pf,29
s1_109.webp,s1,109,normal,s1_109,s1\s1_109.webp,s1,1,11,1,s1_109_normal,30
s1_11.webp,s1,11,normal,s1_11,s1\s1_11.webp,s1,1,12,1,s1_11_normal,43
s1_110.webp,s1,110,normal,s1_110,s1\s1_110.webp,s1,1,13,1,s1_110_normal,32
s1_111.webp,s1,111,normal,s1_111,s1\s1_111.webp,s1,1,14,1,s1_111_normal,33
s1_112.webp,s1,112,normal,s1_112,s1\s1_112.webp,s1,1,15,1,s1_112_normal,34
s1_113.webp,s1,113,normal,s1_113,s1\s1_113.webp,s1,1,16,1,s1_113_normal,35
s1_114.webp,s1,114,normal,s1_114,s1\s1_114.webp,s1,1,17,1,s1_114_normal,36
s1_115.webp,s1,115,normal,s1_115,s1\s1_115.webp,s1,1,18,1,s1_115_normal,37
s1_116.webp,s1,116,normal,s1_116,s1\s1_116.webp,s1,1,19,1,s1_116_normal,38
s1_117.webp,s1,117,normal,s1_117,s1\s1_117.webp,s1,1,20,1,s1_117_normal,39
s1_118.webp,s1,118,normal,s1_118,s1\s1_118.webp,s1,1,21,1,s1_118_normal,40
s1_119.webp,s1,119,normal,s1_119,s1\s1_119.webp,s1,1,22,1,s1_119_normal,41
s1_119_pf.webp,s1,119,pf,s1_119_pf,s1\s1_119_pf.webp,s1,1,22,2,s1_119_pf,42
s1_12.webp,s1,12,normal,s1_12,s1\s1_12.webp,s1,1,23,1,s1_12_normal,56
s1_120.webp,s1,120,normal,s1_120,s1\s1_120.webp,s1,1,24,1,s1_120_normal,44
s1_121.webp,s1,121,normal,s1_121,s1\s1_121.webp,s1,1,25,1,s1_121_normal,45
s1_122.webp,s1,122,normal,s1_122,s1\s1_122.webp,s1,1,26,1,s1_122_normal,46
s1_123.webp,s1,123,normal,s1_123,s1\s1_123.webp,s1,1,27,1,s1_123_normal,47
s1_123_pf.webp,s1,123,pf,s1_123_pf,s1\s1_123_pf.webp,s1,1,27,2,s1_123_pf,48
s1_124.webp,s1,124,normal,s1_124,s1\s1_124.webp,s1,1,28,1,s1_124_normal,49
s1_124_pf.webp,s1,124,pf,s1_124_pf,s1\s1_124_pf.webp,s1,1,28,2,s1_124_pf,50
s1_125.webp,s1,125,normal,s1_125,s1\s1_125.webp,s1,1,29,1,s1_125_normal,51
s1_126.webp,s1,126,normal,s1_126,s1\s1_126.webp,s1,1,30,1,s1_126_normal,52
s1_127.webp,s1,127,normal,s1_127,s1\s1_127.webp,s1,1,31,1,s1_127_normal,53
s1_128.webp,s1,128,normal,s1_128,s1\s1_128.webp,s1,1,32,1,s1_128_normal,54
s1_129.webp,s1,129,normal,s1_129,s1\s1_129.webp,s1,1,33,1,s1_129_normal,55
s1_13.webp,s1,13,normal,s1_13,s1\s1_13.webp,s1,1,34,1,s1_13_normal,67
s1_130.webp,s1,130,normal,s1_130,s1\s1_130.webp,s1,1,35,1,s1_130_normal,57
s1_131.webp,s1,131,normal,s1_131,s1\s1_131.webp,s1,1,36,1,s1_131_normal,58
s1_132.webp,s1,132,normal,s1_132,s1\s1_132.webp,s1,1,37,1,s1_132_normal,59
s1_133.webp,s1,133,normal,s1_133,s1\s1_133.webp,s1,1,38,1,s1_133_normal,60
s1_134.webp,s1,134,normal,s1_134,s1\s1_134.webp,s1,1,39,1,s1_134_normal,61
s1_135.webp,s1,135,normal,s1_135,s1\s1_135.webp,s1,1,40,1,s1_135_normal,62
s1_136.webp,s1,136,normal,s1_136,s1\s1_136.webp,s1,1,41,1,s1_136_normal,63
s1_137.webp,s1,137,normal,s1_137,s1\s1_137.webp,s1,1,42,1,s1_137_normal,64
s1_138.webp,s1,138,normal,s1_138,s1\s1_138.webp,s1,1,43,1,s1_138_normal,65
s1_139.webp,s1,139,normal,s1_139,s1\s1_139.webp,s1,1,44,1,s1_139_normal,66
s1_14.webp,s1,14,normal,s1_14,s1\s1_14.webp,s1,1,45,1,s1_14_normal,79
s1_140.webp,s1,140,normal,s1_140,s1\s1_140.webp,s1,1,46,1,s1_140_normal,68
s1_141.webp,s1,141,normal,s1_141,s1\s1_141.webp,s1,1,47,1,s1_141_normal,69
s1_142.webp,s1,142,normal,s1_142,s1\s1_142.webp,s1,1,48,1,s1_142_normal,70
s1_143.webp,s1,143,normal,s1_143,s1\s1_143.webp,s1,1,49,1,s1_143_normal,71
s1_144.webp,s1,144,normal,s1_144,s1\s1_144.webp,s1,1,50,1,s1_144_normal,72
s1_145.webp,s1,145,normal,s1_145,s1\s1_145.webp,s1,1,51,1,s1_145_normal,73
s1_146.webp,s1,146,normal,s1_146,s1\s1_146.webp,s1,1,52,1,s1_146_normal,74
s1_147.webp,s1,147,normal,s1_147,s1\s1_147.webp,s1,1,53,1,s1_147_normal,75
s1_147_pf.webp,s1,147,pf,s1_147_pf,s1\s1_147_pf.webp,s1,1,53,2,s1_147_pf,76
s1_148.webp,s1,148,normal,s1_148,s1\s1_148.webp,s1,1,54,1,s1_148_normal,77
s1_149.webp,s1,149,normal,s1_149,s1\s1_149.webp,s1,1,55,1,s1_149_normal,78
s1_15.webp,s1,15,normal,s1_15,s1\s1_15.webp,s1,1,56,1,s1_15_normal,91
s1_150.webp,s1,150,normal,s1_150,s1\s1_150.webp,s1,1,57,1,s1_150_normal,80
s1_151.webp,s1,151,normal,s1_151,s1\s1_151.webp,s1,1,58,1,s1_151_normal,81
s1_152.webp,s1,152,normal,s1_152,s1\s1_152.webp,s1,1,59,1,s1_152_normal,82
s1_153.webp,s1,153,normal,s1_153,s1\s1_153.webp,s1,1,60,1,s1_153_normal,83
s1_154.webp,s1,154,normal,s1_154,s1\s1_154.webp,s1,1,61,1,s1_154_normal,84
s1_155.webp,s1,155,normal,s1_155,s1\s1_155.webp,s1,1,62,1,s1_155_normal,85
s1_155_pf.webp,s1,155,pf,s1_155_pf,s1\s1_155_pf.webp,s1,1,62,2,s1_155_pf,86
s1_156.webp,s1,156,normal,s1_156,s1\s1_156.webp,s1,1,63,1,s1_156_normal,87
s1_157.webp,s1,157,normal,s1_157,s1\s1_157.webp,s1,1,64,1,s1_157_normal,88
s1_158.webp,s1,158,normal,s1_158,s1\s1_158.webp,s1,1,65,1,s1_158_normal,89
s1_159.webp,s1,159,normal,s1_159,s1\s1_159.webp,s1,1,66,1,s1_159_normal,90
s1_16.webp,s1,16,normal,s1_16,s1\s1_16.webp,s1,1,67,1,s1_16_normal,105
s1_160.webp,s1,160,normal,s1_160,s1\s1_160.webp,s1,1,68,1,s1_160_normal,92
s1_161.webp,s1,161,normal,s1_161,s1\s1_161.webp,s1,1,69,1,s1_161_normal,93
s1_161_pf.webp,s1,161,pf,s1_161_pf,s1\s1_161_pf.webp,s1,1,69,2,s1_161_pf,94
s1_162.webp,s1,162,normal,s1_162,s1\s1_162.webp,s1,1,70,1,s1_162_normal,95
s1_163.webp,s1,163,normal,s1_163,s1\s1_163.webp,s1,1,71,1,s1_163_normal,96
s1_163_pf.webp,s1,163,pf,s1_163_pf,s1\s1_163_pf.webp,s1,1,71,2,s1_163_pf,97
s1_164.webp,s1,164,normal,s1_164,s1\s1_164.webp,s1,1,72,1,s1_164_normal,98
s1_165.webp,s1,165,normal,s1_165,s1\s1_165.webp,s1,1,73,1,s1_165_normal,99
s1_166.webp,s1,166,normal,s1_166,s1\s1_166.webp,s1,1,74,1,s1_166_normal,100
s1_167.webp,s1,167,normal,s1_167,s1\s1_167.webp,s1,1,75,1,s1_167_normal,101
s1_168.webp,s1,168,normal,s1_168,s1\s1_168.webp,s1,1,76,1,s1_168_normal,102
s1_169.webp,s1,169,normal,s1_169,s1\s1_169.webp,s1,1,77,1,s1_169_normal,104
s1_169_alt.webp,s1,169,alt,s1_169_alt,s1\s1_169_alt.webp,s1,1,77,0,s1_169_alt,103
s1_17.webp,s1,17,normal,s1_17,s1\s1_17.webp,s1,1,78,1,s1_17_normal,116
s1_170.webp,s1,170,normal,s1_170,s1\s1_170.webp,s1,1,79,1,s1_170_normal,106
s1_171.webp,s1,171,normal,s1_171,s1\s1_171.webp,s1,1,80,1,s1_171_normal,107
s1_172.webp,s1,172,normal,s1_172,s1\s1_172.webp,s1,1,81,1,s1_172_normal,108
s1_173.webp,s1,173,normal,s1_173,s1\s1_173.webp,s1,1,82,1,s1_173_normal,109
s1_174.webp,s1,174,normal,s1_174,s1\s1_174.webp,s1,1,83,1,s1_174_normal,110
s1_175.webp,s1,175,normal,s1_175,s1\s1_175.webp,s1,1,84,1,s1_175_normal,111
s1_176.webp,s1,176,normal,s1_176,s1\s1_176.webp,s1,1,85,1,s1_176_normal,112
s1_177.webp,s1,177,normal,s1_177,s1\s1_177.webp,s1,1,86,1,s1_177_normal,113
s1_178.webp,s1,178,normal,s1_178,s1\s1_178.webp,s1,1,87,1,s1_178_normal,114
s1_179.webp,s1,179,normal,s1_179,s1\s1_179.webp,s1,1,88,1,s1_179_normal,115
s1_18.webp,s1,18,normal,s1_18,s1\s1_18.webp,s1,1,89,1,s1_18_normal,127
s1_180.webp,s1,180,normal,s1_180,s1\s1_180.webp,s1,1,90,1,s1_180_normal,117
s1_181.webp,s1,181,normal,s1_181,s1\s1_181.webp,s1,1,91,1,s1_181_normal,118
s1_182.webp,s1,182,normal,s1_182,s1\s1_182.webp,s1,1,92,1,s1_182_normal,119
s1_183.webp,s1,183,normal,s1_183,s1\s1_183.webp,s1,1,93,1,s1_183_normal,120
s1_184.webp,s1,184,normal,s1_184,s1\s1_184.webp,s1,1,94,1,s1_184_normal,121
s1_185.webp,s1,185,normal,s1_185,s1\s1_185.webp,s1,1,95,1,s1_185_normal,122
s1_186.webp,s1,186,normal,s1_186,s1\s1_186.webp,s1,1,96,1,s1_186_normal,123
s1_187.webp,s1,187,normal,s1_187,s1\s1_187.webp,s1,1,97,1,s1_187_normal,124
s1_188.webp,s1,188,normal,s1_188,s1\s1_188.webp,s1,1,98,1,s1_188_normal,125
s1_189.webp,s1,189,normal,s1_189,s1\s1_189.webp,s1,1,99,1,s1_189_normal,126
s1_18_pf.webp,s1,18,pf,s1_18_pf,s1\s1_18_pf.webp,s1,1,89,2,s1_18_pf,128
s1_19.webp,s1,19,normal,s1_19,s1\s1_19.webp,s1,1,100,1,s1_19_normal,142
s1_190.webp,s1,190,normal,s1_190,s1\s1_190.webp,s1,1,101,1,s1_190_normal,129
s1_191.webp,s1,191,normal,s1_191,s1\s1_191.webp,s1,1,102,1,s1_191_normal,130
s1_191_pf.webp,s1,191,pf,s1_191_pf,s1\s1_191_pf.webp,s1,1,102,2,s1_191_pf,131
s1_192.webp,s1,192,normal,s1_192,s1\s1_192.webp,s1,1,103,1,s1_192_normal,132
s1_193.webp,s1,193,normal,s1_193,s1\s1_193.webp,s1,1,104,1,s1_193_normal,133
s1_193_pf.webp,s1,193,pf,s1_193_pf,s1\s1_193_pf.webp,s1,1,104,2,s1_193_pf,134
s1_194.webp,s1,194,normal,s1_194,s1\s1_194.webp,s1,1,105,1,s1_194_normal,135
s1_195.webp,s1,195,normal,s1_195,s1\s1_195.webp,s1,1,106,1,s1_195_normal,137
s1_195_alt.webp,s1,195,alt,s1_195_alt,s1\s1_195_alt.webp,s1,1,106,0,s1_195_alt,136
s1_196.webp,s1,196,normal,s1_196,s1\s1_196.webp,s1,1,107,1,s1_196_normal,138
s1_197.webp,s1,197,normal,s1_197,s1\s1_197.webp,s1,1,108,1,s1_197_normal,139
s1_198.webp,s1,198,normal,s1_198,s1\s1_198.webp,s1,1,109,1,s1_198_normal,140
s1_199.webp,s1,199,normal,s1_199,s1\s1_199.webp,s1,1,110,1,s1_199_normal,141
s1_2.webp,s1,2,normal,s1_2,s1\s1_2.webp,s1,1,111,1,s1_2_normal,157
s1_20.webp,s1,20,normal,s1_20,s1\s1_20.webp,s1,1,112,1,s1_20_normal,145
s1_200.webp,s1,200,normal,s1_200,s1\s1_200.webp,s1,1,113,1,s1_200_normal,144
s1_21.webp,s1,21,normal,s1_21,s1\s1_21.webp,s1,1,123,1,s1_21_normal,146
s1_22.webp,s1,22,normal,s1_22,s1\s1_22.webp,s1,1,134,1,s1_22_normal,147
s1_23.webp,s1,23,normal,s1_23,s1\s1_23.webp,s1,1,136,1,s1_23_normal,148
s1_24.webp,s1,24,normal,s1_24,s1\s1_24.webp,s1,1,137,1,s1_24_normal,149
s1_25.webp,s1,25,normal,s1_25,s1\s1_25.webp,s1,1,138,1,s1_25_normal,150
s1_26.webp,s1,26,normal,s1_26,s1\s1_26.webp,s1,1,139,1,s1_26_normal,151
s1_26_pf.webp,s1,26,pf,s1_26_pf,s1\s1_26_pf.webp,s1,1,139,2,s1_26_pf,152
s1_27.webp,s1,27,normal,s1_27,s1\s1_27.webp,s1,1,140,1,s1_27_normal,153
s1_27_pf.webp,s1,27,pf,s1_27_pf,s1\s1_27_pf.webp,s1,1,140,2,s1_27_pf,154
s1_28.webp,s1,28,normal,s1_28,s1\s1_28.webp,s1,1,141,1,s1_28_normal,155
s1_29.webp,s1,29,normal,s1_29,s1\s1_29.webp,s1,1,142,1,s1_29_normal,156
s1_3.webp,s1,3,normal,s1_3,s1\s1_3.webp,s1,1,143,1,s1_3_normal,169
s1_30.webp,s1,30,normal,s1_30,s1\s1_30.webp,s1,1,144,1,s1_30_normal,158
s1_31.webp,s1,31,normal,s1_31,s1\s1_31.webp,s1,1,145,1,s1_31_normal,159
s1_32.webp,s1,32,normal,s1_32,s1\s1_32.webp,s1,1,146,1,s1_32_normal,160
s1_33.webp,s1,33,normal,s1_33,s1\s1_33.webp,s1,1,147,1,s1_33_normal,161
s1_34.webp,s1,34,normal,s1_34,s1\s1_34.webp,s1,1,148,1,s1_34_normal,163
s1_34_alt.webp,s1,34,alt,s1_34_alt,s1\s1_34_alt.webp,s1,1,148,0,s1_34_alt,162
s1_35.webp,s1,35,normal,s1_35,s1\s1_35.webp,s1,1,149,1,s1_35_normal,164
s1_36.webp,s1,36,normal,s1_36,s1\s1_36.webp,s1,1,150,1,s1_36_normal,165
s1_37.webp,s1,37,normal,s1_37,s1\s1_37.webp,s1,1,151,1,s1_37_normal,166
s1_38.webp,s1,38,normal,s1_38,s1\s1_38.webp,s1,1,152,1,s1_38_normal,167
s1_39.webp,s1,39,normal,s1_39,s1\s1_39.webp,s1,1,153,1,s1_39_normal,168
s1_4.webp,s1,4,normal,s1_4,s1\s1_4.webp,s1,1,154,1,s1_4_normal,180
s1_40.webp,s1,40,normal,s1_40,s1\s1_40.webp,s1,1,155,1,s1_40_normal,170
s1_41.webp,s1,41,normal,s1_41,s1\s1_41.webp,s1,1,156,1,s1_41_normal,171
s1_42.webp,s1,42,normal,s1_42,s1\s1_42.webp,s1,1,157,1,s1_42_normal,172
s1_43.webp,s1,43,normal,s1_43,s1\s1_43.webp,s1,1,158,1,s1_43_normal,173
s1_44.webp,s1,44,normal,s1_44,s1\s1_44.webp,s1,1,159,1,s1_44_normal,174
s1_45.webp,s1,45,normal,s1_45,s1\s1_45.webp,s1,1,160,1,s1_45_normal,175
s1_46.webp,s1,46,normal,s1_46,s1\s1_46.webp,s1,1,161,1,s1_46_normal,176
s1_47.webp,s1,47,normal,s1_47,s1\s1_47.webp,s1,1,162,1,s1_47_normal,177
s1_48.webp,s1,48,normal,s1_48,s1\s1_48.webp,s1,1,163,1,s1_48_normal,178
s1_49.webp,s1,49,normal,s1_49,s1\s1_49.webp,s1,1,164,1,s1_49_normal,179
s1_5.webp,s1,5,normal,s1_5,s1\s1_5.webp,s1,1,165,1,s1_5_normal,195
s1_50.webp,s1,50,normal,s1_50,s1\s1_50.webp,s1,1,166,1,s1_50_normal,181
s1_51.webp,s1,51,normal,s1_51,s1\s1_51.webp,s1,1,167,1,s1_51_normal,182
s1_51_pf.webp,s1,51,pf,s1_51_pf,s1\s1_51_pf.webp,s1,1,167,2,s1_51_pf,183
s1_52.webp,s1,52,normal,s1_52,s1\s1_52.webp,s1,1,168,1,s1_52_normal,184
s1_52_pf.webp,s1,52,pf,s1_52_pf,s1\s1_52_pf.webp,s1,1,168,2,s1_52_pf,185
s1_53.webp,s1,53,normal,s1_53,s1\s1_53.webp,s1,1,169,1,s1_53_normal,186
s1_54.webp,s1,54,normal,s1_54,s1\s1_54.webp,s1,1,170,1,s1_54_normal,187
s1_55.webp,s1,55,normal,s1_55,s1\s1_55.webp,s1,1,171,1,s1_55_normal,188
s1_56.webp,s1,56,normal,s1_56,s1\s1_56.webp,s1,1,172,1,s1_56_normal,189
s1_57.webp,s1,57,normal,s1_57,s1\s1_57.webp,s1,1,173,1,s1_57_normal,190
s1_57_pf.webp,s1,57,pf,s1_57_pf,s1\s1_57_pf.webp,s1,1,173,2,s1_57_pf,191
s1_58.webp,s1,58,normal,s1_58,s1\s1_58.webp,s1,1,174,1,s1_58_normal,192
s1_59.webp,s1,59,normal,s1_59,s1\s1_59.webp,s1,1,175,1,s1_59_normal,194
s1_59_alt.webp,s1,59,alt,s1_59_alt,s1\s1_59_alt.webp,s1,1,175,0,s1_59_alt,193
s1_6.webp,s1,6,normal,s1_6,s1\s1_6.webp,s1,1,176,1,s1_6_normal,207
s1_60.webp,s1,60,normal,s1_60,s1\s1_60.webp,s1,1,177,1,s1_60_normal,196
s1_60_pf.webp,s1,60,pf,s1_60_pf,s1\s1_60_pf.webp,s1,1,177,2,s1_60_pf,197
s1_61.webp,s1,61,normal,s1_61,s1\s1_61.webp,s1,1,178,1,s1_61_normal,198
s1_62.webp,s1,62,normal,s1_62,s1\s1_62.webp,s1,1,179,1,s1_62_normal,199
s1_63.webp,s1,63,normal,s1_63,s1\s1_63.webp,s1,1,180,1,s1_63_normal,200
s1_64.webp,s1,64,normal,s1_64,s1\s1_64.webp,s1,1,181,1,s1_64_normal,201
s1_65.webp,s1,65,normal,s1_65,s1\s1_65.webp,s1,1,182,1,s1_65_normal,202
s1_66.webp,s1,66,normal,s1_66,s1\s1_66.webp,s1,1,183,1,s1_66_normal,203
s1_67.webp,s1,67,normal,s1_67,s1\s1_67.webp,s1,1,184,1,s1_67_normal,204
s1_68.webp,s1,68,normal,s1_68,s1\s1_68.webp,s1,1,185,1,s1_68_normal,205
s1_69.webp,s1,69,normal,s1_69,s1\s1_69.webp,s1,1,186,1,s1_69_normal,206
s1_7.webp,s1,7,normal,s1_7,s1\s1_7.webp,s1,1,187,1,s1_7_normal,218
s1_70.webp,s1,70,normal,s1_70,s1\s1_70.webp,s1,1,188,1,s1_70_normal,208
s1_71.webp,s1,71,normal,s1_71,s1\s1_71.webp,s1,1,189,1,s1_71_normal,209
s1_72.webp,s1,72,normal,s1_72,s1\s1_72.webp,s1,1,190,1,s1_72_normal,210
s1_73.webp,s1,73,normal,s1_73,s1\s1_73.webp,s1,1,191,1,s1_73_normal,211
s1_74.webp,s1,74,normal,s1_74,s1\s1_74.webp,s1,1,192,1,s1_74_normal,212
s1_75.webp,s1,75,normal,s1_75,s1\s1_75.webp,s1,1,193,1,s1_75_normal,213
s1_76.webp,s1,76,normal,s1_76,s1\s1_76.webp,s1,1,194,1,s1_76_normal,214
s1_77.webp,s1,77,normal,s1_77,s1\s1_77.webp,s1,1,195,1,s1_77_normal,215
s1_78.webp,s1,78,normal,s1_78,s1\s1_78.webp,s1,1,196,1,s1_78_normal,216
s1_79.webp,s1,79,normal,s1_79,s1\s1_79.webp,s1,1,197,1,s1_79_normal,217
s1_7_pf.webp,s1,7,pf,s1_7_pf,s1\s1_7_pf.webp,s1,1,187,2,s1_7_pf,219
s1_8.webp,s1,8,normal,s1_8,s1\s1_8.webp,s1,1,198,1,s1_8_normal,232
s1_80.webp,s1,80,normal,s1_80,s1\s1_80.webp,s1,1,199,1,s1_80_normal,220
s1_81.webp,s1,81,normal,s1_81,s1\s1_81.webp,s1,1,200,1,s1_81_normal,221
s1_81_pf.webp,s1,81,pf,s1_81_pf,s1\s1_81_pf.webp,s1,1,200,2,s1_81_pf,222
s1_82.webp,s1,82,normal,s1_82,s1\s1_82.webp,s1,1,201,1,s1_82_normal,223
s1_83.webp,s1,83,normal,s1_83,s1\s1_83.webp,s1,1,202,1,s1_83_normal,224
s1_84.webp,s1,84,normal,s1_84,s1\s1_84.webp,s1,1,203,1,s1_84_normal,225
s1_85.webp,s1,85,normal,s1_85,s1\s1_85.webp,s1,1,204,1,s1_85_normal,226
s1_86.webp,s1,86,normal,s1_86,s1\s1_86.webp,s1,1,205,1,s1_86_normal,227
s1_86_pf.webp,s1,86,pf,s1_86_pf,s1\s1_86_pf.webp,s1,1,205,2,s1_86_pf,228
s1_87.webp,s1,87,normal,s1_87,s1\s1_87.webp,s1,1,206,1,s1_87_normal,229
s1_88.webp,s1,88,normal,s1_88,s1\s1_88.webp,s1,1,207,1,s1_88_normal,230
s1_89.webp,s1,89,normal,s1_89,s1\s1_89.webp,s1,1,208,1,s1_89_normal,231
s1_9.webp,s1,9,normal,s1_9,s1\s1_9.webp,s1,1,209,1,s1_9_normal,246
s1_90.webp,s1,90,normal,s1_90,s1\s1_90.webp,s1,1,210,1,s1_90_normal,233
s1_91.webp,s1,91,normal,s1_91,s1\s1_91.webp,s1,1,211,1,s1_91_normal,234
s1_91_pf.webp,s1,91,pf,s1_91_pf,s1\s1_91_pf.webp,s1,1,211,2,s1_91_pf,235
s1_92.webp,s1,92,normal,s1_92,s1\s1_92.webp,s1,1,212,1,s1_92_normal,236
s1_93.webp,s1,93,normal,s1_93,s1\s1_93.webp,s1,1,213,1,s1_93_normal,237
s1_93_pf.webp,s1,93,pf,s1_93_pf,s1\s1_93_pf.webp,s1,1,213,2,s1_93_pf,238
s1_94.webp,s1,94,normal,s1_94,s1\s1_94.webp,s1,1,214,1,s1_94_normal,239
s1_94_pf.webp,s1,94,pf,s1_94_pf,s1\s1_94_pf.webp,s1,1,214,2,s1_94_pf,240
s1_95.webp,s1,95,normal,s1_95,s1\s1_95.webp,s1,1,215,1,s1_95_normal,241
s1_96.webp,s1,96,normal,s1_96,s1\s1_96.webp,s1,1,216,1,s1_96_normal,242
s1_97.webp,s1,97,normal,s1_97,s1\s1_97.webp,s1,1,217,1,s1_97_normal,243
s1_98.webp,s1,98,normal,s1_98,s1\s1_98.webp,s1,1,218,1,s1_98_normal,244
s1_99.webp,s1,99,normal,s1_99,s1\s1_99.webp,s1,1,219,1,s1_99_normal,245
s2_1.webp,s2,1,normal,s2_1,s2\s2_1.webp,s2,2,0,1,s2_1_normal,377
s2_10.webp,s2,10,normal,s2_10,s2\s2_10.webp,s2,2,1,1,s2_10_normal,259
s2_100.webp,s2,100,normal,s2_100,s2\s2_100.webp,s2,2,2,1,s2_100_normal,247
s2_101.webp,s2,101,normal,s2_101,s2\s2_101.webp,s2,2,3,1,s2_101_normal,248
s2_102.webp,s2,102,normal,s2_102,s2\s2_102.webp,s2,2,4,1,s2_102_normal,249
s2_103.webp,s2,103,normal,s2_103,s2\s2_103.webp,s2,2,5,1,s2_103_normal,250
s2_104.webp,s2,104,normal,s2_104,s2\s2_104.webp,s2,2,6,1,s2_104_normal,251
s2_104_pf.webp,s2,104,pf,s2_104_pf,s2\s2_104_pf.webp,s2,2,6,2,s2_104_pf,252
s2_105.webp,s2,105,normal,s2_105,s2\s2_105.webp,s2,2,7,1,s2_105_normal,253
s2_106.webp,s2,106,normal,s2_106,s2\s2_106.webp,s2,2,8,1,s2_106_normal,254
s2_107.webp,s2,107,normal,s2_107,s2\s2_107.webp,s2,2,9,1,s2_107_normal,255
s2_108.webp,s2,108,normal,s2_108,s2\s2_108.webp,s2,2,10,1,s2_108_normal,256
s2_109.webp,s2,109,normal,s2_109,s2\s2_109.webp,s2,2,11,1,s2_109_normal,257
s2_109_pf.webp,s2,109,pf,s2_109_pf,s2\s2_109_pf.webp,s2,2,11,2,s2_109_pf,258
s2_11.webp,s2,11,normal,s2_11,s2\s2_11.webp,s2,2,12,1,s2_11_normal,273
s2_110.webp,s2,110,normal,s2_110,s2\s2_110.webp,s2,2,13,1,s2_110_normal,260
s2_111.webp,s2,111,normal,s2_111,s2\s2_111.webp,s2,2,14,1,s2_111_normal,261
s2_112.webp,s2,112,normal,s2_112,s2\s2_112.webp,s2,2,15,1,s2_112_normal,263
s2_112_alt.webp,s2,112,alt,s2_112_alt,s2\s2_112_alt.webp,s2,2,15,0,s2_112_alt,262
s2_113.webp,s2,113,normal,s2_113,s2\s2_113.webp,s2,2,16,1,s2_113_normal,264
s2_114.webp,s2,114,normal,s2_114,s2\s2_114.webp,s2,2,17,1,s2_114_normal,265
s2_114_pf.webp,s2,114,pf,s2_114_pf,s2\s2_114_pf.webp,s2,2,17,2,s2_114_pf,266
s2_115.webp,s2,115,normal,s2_115,s2\s2_115.webp,s2,2,18,1,s2_115_normal,267
s2_116.webp,s2,116,normal,s2_116,s2\s2_116.webp,s2,2,19,1,s2_116_normal,268
s2_117.webp,s2,117,normal,s2_117,s2\s2_117.webp,s2,2,20,1,s2_117_normal,269
s2_118.webp,s2,118,normal,s2_118,s2\s2_118.webp,s2,2,21,1,s2_118_normal,270
s2_119.webp,s2,119,normal,s2_119,s2\s2_119.webp,s2,2,22,1,s2_119_normal,271
s2_119_pf.webp,s2,119,pf,s2_119_pf,s2\s2_119_pf.webp,s2,2,22,2,s2_119_pf,272
s2_12.webp,s2,12,normal,s2_12,s2\s2_12.webp,s2,2,23,1,s2_12_normal,286
s2_120.webp,s2,120,normal,s2_120,s2\s2_120.webp,s2,2,24,1,s2_120_normal,274
s2_121.webp,s2,121,normal,s2_121,s2\s2_121.webp,s2,2,25,1,s2_121_normal,275
s2_122.webp,s2,122,normal,s2_122,s2\s2_122.webp,s2,2,26,1,s2_122_normal,276
s2_123.webp,s2,123,normal,s2_123,s2\s2_123.webp,s2,2,27,1,s2_123_normal,277
s2_124.webp,s2,124,normal,s2_124,s2\s2_124.webp,s2,2,28,1,s2_124_normal,278
s2_125.webp,s2,125,normal,s2_125,s2\s2_125.webp,s2,2,29,1,s2_125_normal,279
s2_126.webp,s2,126,normal,s2_126,s2\s2_126.webp,s2,2,30,1,s2_126_normal,280
s2_127.webp,s2,127,normal,s2_127,s2\s2_127.webp,s2,2,31,1,s2_127_normal,281
s2_127_pf.webp,s2,127,pf,s2_127_pf,s2\s2_127_pf.webp,s2,2,31,2,s2_127_pf,282
s2_128.webp,s2,128,normal,s2_128,s2\s2_128.webp,s2,2,32,1,s2_128_normal,283
s2_129.webp,s2,129,normal,s2_129,s2\s2_129.webp,s2,2,33,1,s2_129_normal,284
s2_129_pf.webp,s2,129,pf,s2_129_pf,s2\s2_129_pf.webp,s2,2,33,2,s2_129_pf,285
s2_13.webp,s2,13,normal,s2_13,s2\s2_13.webp,s2,2,34,1,s2_13_normal,297
s2_130.webp,s2,130,normal,s2_130,s2\s2_130.webp,s2,2,35,1,s2_130_normal,287
s2_131.webp,s2,131,normal,s2_131,s2\s2_131.webp,s2,2,36,1,s2_131_normal,288
s2_132.webp,s2,132,normal,s2_132,s2\s2_132.webp,s2,2,37,1,s2_132_normal,289
s2_133.webp,s2,133,normal,s2_133,s2\s2_133.webp,s2,2,38,1,s2_133_normal,290
s2_134.webp,s2,134,normal,s2_134,s2\s2_134.webp,s2,2,39,1,s2_134_normal,291
s2_135.webp,s2,135,normal,s2_135,s2\s2_135.webp,s2,2,40,1,s2_135_normal,292
s2_136.webp,s2,136,normal,s2_136,s2\s2_136.webp,s2,2,41,1,s2_136_normal,293
s2_137.webp,s2,137,normal,s2_137,s2\s2_137.webp,s2,2,42,1,s2_137_normal,294
s2_138.webp,s2,138,normal,s2_138,s2\s2_138.webp,s2,2,43,1,s2_138_normal,295
s2_139.webp,s2,139,normal,s2_139,s2\s2_139.webp,s2,2,44,1,s2_139_normal,296
s2_14.webp,s2,14,normal,s2_14,s2\s2_14.webp,s2,2,45,1,s2_14_normal,309
s2_140.webp,s2,140,normal,s2_140,s2\s2_140.webp,s2,2,46,1,s2_140_normal,298
s2_141.webp,s2,141,normal,s2_141,s2\s2_141.webp,s2,2,47,1,s2_141_normal,299
s2_141_pf.webp,s2,141,pf,s2_141_pf,s2\s2_141_pf.webp,s2,2,47,2,s2_141_pf,300
s2_142.webp,s2,142,normal,s2_142,s2\s2_142.webp,s2,2,48,1,s2_142_normal,301
s2_143.webp,s2,143,normal,s2_143,s2\s2_143.webp,s2,2,49,1,s2_143_normal,302
s2_144.webp,s2,144,normal,s2_144,s2\s2_144.webp,s2,2,50,1,s2_144_normal,303
s2_145.webp,s2,145,normal,s2_145,s2\s2_145.webp,s2,2,51,1,s2_145_normal,304
s2_146.webp,s2,146,normal,s2_146,s2\s2_146.webp,s2,2,52,1,s2_146_normal,305
s2_147.webp,s2,147,normal,s2_147,s2\s2_147.webp,s2,2,53,1,s2_147_normal,306
s2_148.webp,s2,148,normal,s2_148,s2\s2_148.webp,s2,2,54,1,s2_148_normal,307
s2_149.webp,s2,149,normal,s2_149,s2\s2_149.webp,s2,2,55,1,s2_149_normal,308
s2_15.webp,s2,15,normal,s2_15,s2\s2_15.webp,s2,2,56,1,s2_15_normal,321
s2_150.webp,s2,150,normal,s2_150,s2\s2_150.webp,s2,2,57,1,s2_150_normal,310
s2_151.webp,s2,151,normal,s2_151,s2\s2_151.webp,s2,2,58,1,s2_151_normal,311
s2_152.webp,s2,152,normal,s2_152,s2\s2_152.webp,s2,2,59,1,s2_152_normal,312
s2_153.webp,s2,153,normal,s2_153,s2\s2_153.webp,s2,2,60,1,s2_153_normal,313
s2_154.webp,s2,154,normal,s2_154,s2\s2_154.webp,s2,2,61,1,s2_154_normal,314
s2_155.webp,s2,155,normal,s2_155,s2\s2_155.webp,s2,2,62,1,s2_155_normal,315
s2_156.webp,s2,156,normal,s2_156,s2\s2_156.webp,s2,2,63,1,s2_156_normal,316
s2_157.webp,s2,157,normal,s2_157,s2\s2_157.webp,s2,2,64,1,s2_157_normal,317
s2_157_pf.webp,s2,157,pf,s2_157_pf,s2\s2_157_pf.webp,s2,2,64,2,s2_157_pf,318
s2_158.webp,s2,158,normal,s2_158,s2\s2_158.webp,s2,2,65,1,s2_158_normal,319
s2_159.webp,s2,159,normal,s2_159,s2\s2_159.webp,s2,2,66,1,s2_159_normal,320
s2_16.webp,s2,16,normal,s2_16,s2\s2_16.webp,s2,2,67,1,s2_16_normal,336
s2_160.webp,s2,160,normal,s2_160,s2\s2_160.webp,s2,2,68,1,s2_160_normal,322
s2_161.webp,s2,161,normal,s2_161,s2\s2_161.webp,s2,2,69,1,s2_161_normal,323
s2_162.webp,s2,162,normal,s2_162,s2\s2_162.webp,s2,2,70,1,s2_162_normal,324
s2_162_pf.webp,s2,162,pf,s2_162_pf,s2\s2_162_pf.webp,s2,2,70,2,s2_162_pf,325
s2_163.webp,s2,163,normal,s2_163,s2\s2_163.webp,s2,2,71,1,s2_163_normal,326
s2_164.webp,s2,164,normal,s2_164,s2\s2_164.webp,s2,2,72,1,s2_164_normal,328
s2_164_alt.webp,s2,164,alt,s2_164_alt,s2\s2_164_alt.webp,s2,2,72,0,s2_164_alt,327
s2_165.webp,s2,165,normal,s2_165,s2\s2_165.webp,s2,2,73,1,s2_165_normal,329
s2_165_pf.webp,s2,165,pf,s2_165_pf,s2\s2_165_pf.webp,s2,2,73,2,s2_165_pf,330
s2_166.webp,s2,166,normal,s2_166,s2\s2_166.webp,s2,2,74,1,s2_166_normal,331
s2_166_pf.webp,s2,166,pf,s2_166_pf,s2\s2_166_pf.webp,s2,2,74,2,s2_166_pf,332
s2_167.webp,s2,167,normal,s2_167,s2\s2_167.webp,s2,2,75,1,s2_167_normal,333
s2_168.webp,s2,168,normal,s2_168,s2\s2_168.webp,s2,2,76,1,s2_168_normal,334
s2_169.webp,s2,169,normal,s2_169,s2\s2_169.webp,s2,2,77,1,s2_169_normal,335
s2_17.webp,s2,17,normal,s2_17,s2\s2_17.webp,s2,2,78,1,s2_17_normal,348
s2_170.webp,s2,170,normal,s2_170,s2\s2_170.webp,s2,2,79,1,s2_170_normal,337
s2_171.webp,s2,171,normal,s2_171,s2\s2_171.webp,s2,2,80,1,s2_171_normal,338
s2_172.webp,s2,172,normal,s2_172,s2\s2_172.webp,s2,2,81,1,s2_172_normal,339
s2_173.webp,s2,173,normal,s2_173,s2\s2_173.webp,s2,2,82,1,s2_173_normal,340
s2_174.webp,s2,174,normal,s2_174,s2\s2_174.webp,s2,2,83,1,s2_174_normal,341
s2_175.webp,s2,175,normal,s2_175,s2\s2_175.webp,s2,2,84,1,s2_175_normal,342
s2_175_pf.webp,s2,175,pf,s2_175_pf,s2\s2_175_pf.webp,s2,2,84,2,s2_175_pf,343
s2_176.webp,s2,176,normal,s2_176,s2\s2_176.webp,s2,2,85,1,s2_176_normal,344
s2_177.webp,s2,177,normal,s2_177,s2\s2_177.webp,s2,2,86,1,s2_177_normal,345
s2_178.webp,s2,178,normal,s2_178,s2\s2_178.webp,s2,2,87,1,s2_178_normal,346
s2_179.webp,s2,179,normal,s2_179,s2\s2_179.webp,s2,2,88,1,s2_179_normal,347
s2_18.webp,s2,18,normal,s2_18,s2\s2_18.webp,s2,2,89,1,s2_18_normal,361
s2_180.webp,s2,180,normal,s2_180,s2\s2_180.webp,s2,2,90,1,s2_180_normal,349
s2_181.webp,s2,181,normal,s2_181,s2\s2_181.webp,s2,2,91,1,s2_181_normal,350
s2_182.webp,s2,182,normal,s2_182,s2\s2_182.webp,s2,2,92,1,s2_182_normal,352
s2_182_alt.webp,s2,182,alt,s2_182_alt,s2\s2_182_alt.webp,s2,2,92,0,s2_182_alt,351
s2_183.webp,s2,183,normal,s2_183,s2\s2_183.webp,s2,2,93,1,s2_183_normal,353
s2_184.webp,s2,184,normal,s2_184,s2\s2_184.webp,s2,2,94,1,s2_184_normal,354
s2_185.webp,s2,185,normal,s2_185,s2\s2_185.webp,s2,2,95,1,s2_185_normal,355
s2_186.webp,s2,186,normal,s2_186,s2\s2_186.webp,s2,2,96,1,s2_186_normal,356
s2_187.webp,s2,187,normal,s2_187,s2\s2_187.webp,s2,2,97,1,s2_187_normal,357
s2_187_pf.webp,s2,187,pf,s2_187_pf,s2\s2_187_pf.webp,s2,2,97,2,s2_187_pf,358
s2_188.webp,s2,188,normal,s2_188,s2\s2_188.webp,s2,2,98,1,s2_188_normal,359
s2_189.webp,s2,189,normal,s2_189,s2\s2_189.webp,s2,2,99,1,s2_189_normal,360
s2_19.webp,s2,19,normal,s2_19,s2\s2_19.webp,s2,2,100,1,s2_19_normal,375
s2_190.webp,s2,190,normal,s2_190,s2\s2_190.webp,s2,2,101,1,s2_190_normal,362
s2_191.webp,s2,191,normal,s2_191,s2\s2_191.webp,s2,2,102,1,s2_191_normal,363
s2_192.webp,s2,192,normal,s2_192,s2\s2_192.webp,s2,2,103,1,s2_192_normal,364
s2_193.webp,s2,193,normal,s2_193,s2\s2_193.webp,s2,2,104,1,s2_193_normal,365
s2_193_pf.webp,s2,193,pf,s2_193_pf,s2\s2_193_pf.webp,s2,2,104,2,s2_193_pf,366
s2_194.webp,s2,194,normal,s2_194,s2\s2_194.webp,s2,2,105,1,s2_194_normal,367
s2_195.webp,s2,195,normal,s2_195,s2\s2_195.webp,s2,2,106,1,s2_195_normal,368
s2_196.webp,s2,196,normal,s2_196,s2\s2_196.webp,s2,2,107,1,s2_196_normal,369
s2_197.webp,s2,197,normal,s2_197,s2\s2_197.webp,s2,2,108,1,s2_197_normal,370
s2_198.webp,s2,198,normal,s2_198,s2\s2_198.webp,s2,2,109,1,s2_198_normal,371
s2_198_pf.webp,s2,198,pf,s2_198_pf,s2\s2_198_pf.webp,s2,2,109,2,s2_198_pf,372
s2_199.webp,s2,199,normal,s2_199,s2\s2_199.webp,s2,2,110,1,s2_199_normal,373
s2_199_pf.webp,s2,199,pf,s2_199_pf,s2\s2_199_pf.webp,s2,2,110,2,s2_199_pf,374
s2_19_pf.webp,s2,19,pf,s2_19_pf,s2\s2_19_pf.webp,s2,2,100,2,s2_19_pf,376
s2_2.webp,s2,2,normal,s2_2,s2\s2_2.webp,s2,2,111,1,s2_2_normal,392
s2_20.webp,s2,20,normal,s2_20,s2\s2_20.webp,s2,2,112,1,s2_20_normal,379
s2_200.webp,s2,200,normal,s2_200,s2\s2_200.webp,s2,2,113,1,s2_200_normal,378
s2_21.webp,s2,21,normal,s2_21,s2\s2_21.webp,s2,2,123,1,s2_21_normal,380
s2_22.webp,s2,22,normal,s2_22,s2\s2_22.webp,s2,2,134,1,s2_22_normal,381
s2_23.webp,s2,23,normal,s2_23,s2\s2_23.webp,s2,2,136,1,s2_23_normal,382
s2_23_pf.webp,s2,23,pf,s2_23_pf,s2\s2_23_pf.webp,s2,2,136,2,s2_23_pf,383
s2_24.webp,s2,24,normal,s2_24,s2\s2_24.webp,s2,2,137,1,s2_24_normal,384
s2_25.webp,s2,25,normal,s2_25,s2\s2_25.webp,s2,2,138,1,s2_25_normal,386
s2_25_alt.webp,s2,25,alt,s2_25_alt,s2\s2_25_alt.webp,s2,2,138,0,s2_25_alt,385
s2_26.webp,s2,26,normal,s2_26,s2\s2_26.webp,s2,2,139,1,s2_26_normal,387
s2_26_pf.webp,s2,26,pf,s2_26_pf,s2\s2_26_pf.webp,s2,2,139,2,s2_26_pf,388
s2_27.webp,s2,27,normal,s2_27,s2\s2_27.webp,s2,2,140,1,s2_27_normal,389
s2_28.webp,s2,28,normal,s2_28,s2\s2_28.webp,s2,2,141,1,s2_28_normal,390
s2_29.webp,s2,29,normal,s2_29,s2\s2_29.webp,s2,2,142,1,s2_29_normal,391
s2_3.webp,s2,3,normal,s2_3,s2\s2_3.webp,s2,2,143,1,s2_3_normal,405
s2_30.webp,s2,30,normal,s2_30,s2\s2_30.webp,s2,2,144,1,s2_30_normal,393
s2_30_pf.webp,s2,30,pf,s2_30_pf,s2\s2_30_pf.webp,s2,2,144,2,s2_30_pf,394
s2_31.webp,s2,31,normal,s2_31,s2\s2_31.webp,s2,2,145,1,s2_31_normal,395
s2_32.webp,s2,32,normal,s2_32,s2\s2_32.webp,s2,2,146,1,s2_32_normal,396
s2_33.webp,s2,33,normal,s2_33,s2\s2_33.webp,s2,2,147,1,s2_33_normal,397
s2_34.webp,s2,34,normal,s2_34,s2\s2_34.webp,s2,2,148,1,s2_34_normal,398
s2_35.webp,s2,35,normal,s2_35,s2\s2_35.webp,s2,2,149,1,s2_35_normal,399
s2_36.webp,s2,36,normal,s2_36,s2\s2_36.webp,s2,2,150,1,s2_36_normal,400
s2_37.webp,s2,37,normal,s2_37,s2\s2_37.webp,s2,2,151,1,s2_37_normal,401
s2_38.webp,s2,38,normal,s2_38,s2\s2_38.webp,s2,2,152,1,s2_38_normal,403
s2_38_alt.webp,s2,38,alt,s2_38_alt,s2\s2_38_alt.webp,s2,2,152,0,s2_38_alt,402
s2_39.webp,s2,39,normal,s2_39,s2\s2_39.webp,s2,2,153,1,s2_39_normal,404
s2_4.webp,s2,4,normal,s2_4,s2\s2_4.webp,s2,2,154,1,s2_4_normal,418
s2_40.webp,s2,40,normal,s2_40,s2\s2_40.webp,s2,2,155,1,s2_40_normal,406
s2_40_pf.webp,s2,40,pf,s2_40_pf,s2\s2_40_pf.webp,s2,2,155,2,s2_40_pf,407
s2_41.webp,s2,41,normal,s2_41,s2\s2_41.webp,s2,2,156,1,s2_41_normal,408
s2_42.webp,s2,42,normal,s2_42,s2\s2_42.webp,s2,2,157,1,s2_42_normal,409
s2_43.webp,s2,43,normal,s2_43,s2\s2_43.webp,s2,2,158,1,s2_43_normal,410
s2_44.webp,s2,44,normal,s2_44,s2\s2_44.webp,s2,2,159,1,s2_44_normal,411
s2_45.webp,s2,45,normal,s2_45,s2\s2_45.webp,s2,2,160,1,s2_45_normal,412
s2_46.webp,s2,46,normal,s2_46,s2\s2_46.webp,s2,2,161,1,s2_46_normal,413
s2_47.webp,s2,47,normal,s2_47,s2\s2_47.webp,s2,2,162,1,s2_47_normal,414
s2_48.webp,s2,48,normal,s2_48,s2\s2_48.webp,s2,2,163,1,s2_48_normal,415
s2_49.webp,s2,49,normal,s2_49,s2\s2_49.webp,s2,2,164,1,s2_49_normal,416
s2_49_pf.webp,s2,49,pf,s2_49_pf,s2\s2_49_pf.webp,s2,2,164,2,s2_49_pf,417
s2_5.webp,s2,5,normal,s2_5,s2\s2_5.webp,s2,2,165,1,s2_5_normal,431
s2_50.webp,s2,50,normal,s2_50,s2\s2_50.webp,s2,2,166,1,s2_50_normal,419
s2_51.webp,s2,51,normal,s2_51,s2\s2_51.webp,s2,2,167,1,s2_51_normal,420
s2_51_pf.webp,s2,51,pf,s2_51_pf,s2\s2_51_pf.webp,s2,2,167,2,s2_51_pf,421
s2_52.webp,s2,52,normal,s2_52,s2\s2_52.webp,s2,2,168,1,s2_52_normal,422
s2_53.webp,s2,53,normal,s2_53,s2\s2_53.webp,s2,2,169,1,s2_53_normal,423
s2_54.webp,s2,54,normal,s2_54,s2\s2_54.webp,s2,2,170,1,s2_54_normal,424
s2_54_pf.webp,s2,54,pf,s2_54_pf,s2\s2_54_pf.webp,s2,2,170,2,s2_54_pf,425
s2_55.webp,s2,55,normal,s2_55,s2\s2_55.webp,s2,2,171,1,s2_55_normal,426
s2_56.webp,s2,56,normal,s2_56,s2\s2_56.webp,s2,2,172,1,s2_56_normal,427
s2_57.webp,s2,57,normal,s2_57,s2\s2_57.webp,s2,2,173,1,s2_57_normal,428
s2_58.webp,s2,58,normal,s2_58,s2\s2_58.webp,s2,2,174,1,s2_58_normal,429
s2_59.webp,s2,59,normal,s2_59,s2\s2_59.webp,s2,2,175,1,s2_59_normal,430
s2_6.webp,s2,6,normal,s2_6,s2\s2_6.webp,s2,2,176,1,s2_6_normal,444
s2_60.webp,s2,60,normal,s2_60,s2\s2_60.webp,s2,2,177,1,s2_60_normal,432
s2_61.webp,s2,61,normal,s2_61,s2\s2_61.webp,s2,2,178,1,s2_61_normal,433
s2_62.webp,s2,62,normal,s2_62,s2\s2_62.webp,s2,2,179,1,s2_62_normal,434
s2_63.webp,s2,63,normal,s2_63,s2\s2_63.webp,s2,2,180,1,s2_63_normal,435
s2_64.webp,s2,64,normal,s2_64,s2\s2_64.webp,s2,2,181,1,s2_64_normal,436
s2_65.webp,s2,65,normal,s2_65,s2\s2_65.webp,s2,2,182,1,s2_65_normal,437
s2_66.webp,s2,66,normal,s2_66,s2\s2_66.webp,s2,2,183,1,s2_66_normal,439
s2_66_alt.webp,s2,66,alt,s2_66_alt,s2\s2_66_alt.webp,s2,2,183,0,s2_66_alt,438
s2_67.webp,s2,67,normal,s2_67,s2\s2_67.webp,s2,2,184,1,s2_67_normal,440
s2_68.webp,s2,68,normal,s2_68,s2\s2_68.webp,s2,2,185,1,s2_68_normal,441
s2_69.webp,s2,69,normal,s2_69,s2\s2_69.webp,s2,2,186,1,s2_69_normal,442
s2_69_pf.webp,s2,69,pf,s2_69_pf,s2\s2_69_pf.webp,s2,2,186,2,s2_69_pf,443
s2_7.webp,s2,7,normal,s2_7,s2\s2_7.webp,s2,2,187,1,s2_7_normal,456
s2_70.webp,s2,70,normal,s2_70,s2\s2_70.webp,s2,2,188,1,s2_70_normal,445
s2_71.webp,s2,71,normal,s2_71,s2\s2_71.webp,s2,2,189,1,s2_71_normal,446
s2_72.webp,s2,72,normal,s2_72,s2\s2_72.webp,s2,2,190,1,s2_72_normal,447
s2_73.webp,s2,73,normal,s2_73,s2\s2_73.webp,s2,2,191,1,s2_73_normal,448
s2_74.webp,s2,74,normal,s2_74,s2\s2_74.webp,s2,2,192,1,s2_74_normal,449
s2_75.webp,s2,75,normal,s2_75,s2\s2_75.webp,s2,2,193,1,s2_75_normal,450
s2_76.webp,s2,76,normal,s2_76,s2\s2_76.webp,s2,2,194,1,s2_76_normal,451
s2_77.webp,s2,77,normal,s2_77,s2\s2_77.webp,s2,2,195,1,s2_77_normal,452
s2_78.webp,s2,78,normal,s2_78,s2\s2_78.webp,s2,2,196,1,s2_78_normal,453
s2_79.webp,s2,79,normal,s2_79,s2\s2_79.webp,s2,2,197,1,s2_79_normal,454
s2_79_pf.webp,s2,79,pf,s2_79_pf,s2\s2_79_pf.webp,s2,2,197,2,s2_79_pf,455
s2_8.webp,s2,8,normal,s2_8,s2\s2_8.webp,s2,2,198,1,s2_8_normal,467
s2_80.webp,s2,80,normal,s2_80,s2\s2_80.webp,s2,2,199,1,s2_80_normal,457
s2_81.webp,s2,81,normal,s2_81,s2\s2_81.webp,s2,2,200,1,s2_81_normal,458
s2_82.webp,s2,82,normal,s2_82,s2\s2_82.webp,s2,2,201,1,s2_82_normal,459
s2_83.webp,s2,83,normal,s2_83,s2\s2_83.webp,s2,2,202,1,s2_83_normal,460
s2_84.webp,s2,84,normal,s2_84,s2\s2_84.webp,s2,2,203,1,s2_84_normal,461
s2_85.webp,s2,85,normal,s2_85,s2\s2_85.webp,s2,2,204,1,s2_85_normal,462
s2_86.webp,s2,86,normal,s2_86,s2\s2_86.webp,s2,2,205,1,s2_86_normal,463
s2_87.webp,s2,87,normal,s2_87,s2\s2_87.webp,s2,2,206,1,s2_87_normal,464
s2_88.webp,s2,88,normal,s2_88,s2\s2_88.webp,s2,2,207,1,s2_88_normal,465
s2_89.webp,s2,89,normal,s2_89,s2\s2_89.webp,s2,2,208,1,s2_89_normal,466
s2_9.webp,s2,9,normal,s2_9,s2\s2_9.webp,s2,2,209,1,s2_9_normal,482
s2_90.webp,s2,90,normal,s2_90,s2\s2_90.webp,s2,2,210,1,s2_90_normal,468
s2_91.webp,s2,91,normal,s2_91,s2\s2_91.webp,s2,2,211,1,s2_91_normal,469
s2_92.webp,s2,92,normal,s2_92,s2\s2_92.webp,s2,2,212,1,s2_92_normal,470
s2_92_pf.webp,s2,92,pf,s2_92_pf,s2\s2_92_pf.webp,s2,2,212,2,s2_92_pf,471
s2_93.webp,s2,93,normal,s2_93,s2\s2_93.webp,s2,2,213,1,s2_93_normal,472
s2_94.webp,s2,94,normal,s2_94,s2\s2_94.webp,s2,2,214,1,s2_94_normal,473
s2_95.webp,s2,95,normal,s2_95,s2\s2_95.webp,s2,2,215,1,s2_95_normal,474
s2_96.webp,s2,96,normal,s2_96,s2\s2_96.webp,s2,2,216,1,s2_96_normal,475
s2_96_pf.webp,s2,96,pf,s2_96_pf,s2\s2_96_pf.webp,s2,2,216,2,s2_96_pf,476
s2_97.webp,s2,97,normal,s2_97,s2\s2_97.webp,s2,2,217,1,s2_97_normal,478
s2_97_alt.webp,s2,97,alt,s2_97_alt,s2\s2_97_alt.webp,s2,2,217,0,s2_97_alt,477
s2_98.webp,s2,98,normal,s2_98,s2\s2_98.webp,s2,2,218,1,s2_98_normal,479
s2_99.webp,s2,99,normal,s2_99,s2\s2_99.webp,s2,2,219,1,s2_99_normal,480
s2_99_pf.webp,s2,99,pf,s2_99_pf,s2\s2_99_pf.webp,s2,2,219,2,s2_99_pf,481
s3_1.webp,s3,1,normal,s3_1,s3\s3_1.webp,s3,3,0,1,s3_1_normal,610
s3_10.webp,s3,10,normal,s3_10,s3\s3_10.webp,s3,3,1,1,s3_10_normal,493
s3_100.webp,s3,100,normal,s3_100,s3\s3_100.webp,s3,3,2,1,s3_100_normal,483
s3_101.webp,s3,101,normal,s3_101,s3\s3_101.webp,s3,3,3,1,s3_101_normal,484
s3_102.webp,s3,102,normal,s3_102,s3\s3_102.webp,s3,3,4,1,s3_102_normal,485
s3_103.webp,s3,103,normal,s3_103,s3\s3_103.webp,s3,3,5,1,s3_103_normal,486
s3_104.webp,s3,104,normal,s3_104,s3\s3_104.webp,s3,3,6,1,s3_104_normal,487
s3_105.webp,s3,105,normal,s3_105,s3\s3_105.webp,s3,3,7,1,s3_105_normal,488
s3_106.webp,s3,106,normal,s3_106,s3\s3_106.webp,s3,3,8,1,s3_106_normal,489
s3_107.webp,s3,107,normal,s3_107,s3\s3_107.webp,s3,3,9,1,s3_107_normal,490
s3_108.webp,s3,108,normal,s3_108,s3\s3_108.webp,s3,3,10,1,s3_108_normal,491
s3_109.webp,s3,109,normal,s3_109,s3\s3_109.webp,s3,3,11,1,s3_109_normal,492
s3_11.webp,s3,11,normal,s3_11,s3\s3_11.webp,s3,3,12,1,s3_11_normal,507
s3_110.webp,s3,110,normal,s3_110,s3\s3_110.webp,s3,3,13,1,s3_110_normal,494
s3_111.webp,s3,111,normal,s3_111,s3\s3_111.webp,s3,3,14,1,s3_111_normal,495
s3_111_pf.webp,s3,111,pf,s3_111_pf,s3\s3_111_pf.webp,s3,3,14,2,s3_111_pf,496
s3_112.webp,s3,112,normal,s3_112,s3\s3_112.webp,s3,3,15,1,s3_112_normal,497
s3_113.webp,s3,113,normal,s3_113,s3\s3_113.webp,s3,3,16,1,s3_113_normal,498
s3_114.webp,s3,114,normal,s3_114,s3\s3_114.webp,s3,3,17,1,s3_114_normal,499
s3_115.webp,s3,115,normal,s3_115,s3\s3_115.webp,s3,3,18,1,s3_115_normal,500
s3_116.webp,s3,116,normal,s3_116,s3\s3_116.webp,s3,3,19,1,s3_116_normal,502
s3_116_alt.webp,s3,116,alt,s3_116_alt,s3\s3_116_alt.webp,s3,3,19,0,s3_116_alt,501
s3_117.webp,s3,117,normal,s3_117,s3\s3_117.webp,s3,3,20,1,s3_117_normal,503
s3_118.webp,s3,118,normal,s3_118,s3\s3_118.webp,s3,3,21,1,s3_118_normal,504
s3_119.webp,s3,119,normal,s3_119,s3\s3_119.webp,s3,3,22,1,s3_119_normal,505
s3_119_pf.webp,s3,119,pf,s3_119_pf,s3\s3_119_pf.webp,s3,3,22,2,s3_119_pf,506
s3_12.webp,s3,12,normal,s3_12,s3\s3_12.webp,s3,3,23,1,s3_12_normal,522
s3_120.webp,s3,120,normal,s3_120,s3\s3_120.webp,s3,3,24,1,s3_120_normal,508
s3_121.webp,s3,121,normal,s3_121,s3\s3_121.webp,s3,3,25,1,s3_121_normal,509
s3_121_pf.webp,s3,121,pf,s3_121_pf,s3\s3_121_pf.webp,s3,3,25,2,s3_121_pf,510
s3_122.webp,s3,122,normal,s3_122,s3\s3_122.webp,s3,3,26,1,s3_122_normal,511
s3_122_pf.webp,s3,122,pf,s3_122_pf,s3\s3_122_pf.webp,s3,3,26,2,s3_122_pf,512
s3_123.webp,s3,123,normal,s3_123,s3\s3_123.webp,s3,3,27,1,s3_123_normal,513
s3_124.webp,s3,124,normal,s3_124,s3\s3_124.webp,s3,3,28,1,s3_124_normal,514
s3_124_pf.webp,s3,124,pf,s3_124_pf,s3\s3_124_pf.webp,s3,3,28,2,s3_124_pf,515
s3_125.webp,s3,125,normal,s3_125,s3\s3_125.webp,s3,3,29,1,s3_125_normal,516
s3_125_pf.webp,s3,125,pf,s3_125_pf,s3\s3_125_pf.webp,s3,3,29,2,s3_125_pf,517
s3_126.webp,s3,126,normal,s3_126,s3\s3_126.webp,s3,3,30,1,s3_126_normal,518
s3_127.webp,s3,127,normal,s3_127,s3\s3_127.webp,s3,3,31,1,s3_127_normal,519
s3_128.webp,s3,128,normal,s3_128,s3\s3_128.webp,s3,3,32,1,s3_128_normal,520
s3_129.webp,s3,129,normal,s3_129,s3\s3_129.webp,s3,3,33,1,s3_129_normal,521
s3_13.webp,s3,13,normal,s3_13,s3\s3_13.webp,s3,3,34,1,s3_13_normal,534
s3_130.webp,s3,130,normal,s3_130,s3\s3_130.webp,s3,3,35,1,s3_130_normal,523
s3_131.webp,s3,131,normal,s3_131,s3\s3_131.webp,s3,3,36,1,s3_131_normal,524
s3_132.webp,s3,132,normal,s3_132,s3\s3_132.webp,s3,3,37,1,s3_132_normal,525
s3_132_pf.webp,s3,132,pf,s3_132_pf,s3\s3_132_pf.webp,s3,3,37,2,s3_132_pf,526
s3_133.webp,s3,133,normal,s3_133,s3\s3_133.webp,s3,3,38,1,s3_133_normal,527
s3_134.webp,s3,134,normal,s3_134,s3\s3_134.webp,s3,3,39,1,s3_134_normal,528
s3_135.webp,s3,135,normal,s3_135,s3\s3_135.webp,s3,3,40,1,s3_135_normal,529
s3_136.webp,s3,136,normal,s3_136,s3\s3_136.webp,s3,3,41,1,s3_136_normal,530
s3_137.webp,s3,137,normal,s3_137,s3\s3_137.webp,s3,3,42,1,s3_137_normal,531
s3_138.webp,s3,138,normal,s3_138,s3\s3_138.webp,s3,3,43,1,s3_138_normal,532
s3_139.webp,s3,139,normal,s3_139,s3\s3_139.webp,s3,3,44,1,s3_139_normal,533
s3_14.webp,s3,14,normal,s3_14,s3\s3_14.webp,s3,3,45,1,s3_14_normal,547
s3_140.webp,s3,140,normal,s3_140,s3\s3_140.webp,s3,3,46,1,s3_140_normal,535
s3_141.webp,s3,141,normal,s3_141,s3\s3_141.webp,s3,3,47,1,s3_141_normal,537
s3_141_alt.webp,s3,141,alt,s3_141_alt,s3\s3_141_alt.webp,s3,3,47,0,s3_141_alt,536
s3_142.webp,s3,142,normal,s3_142,s3\s3_142.webp,s3,3,48,1,s3_142_normal,538
s3_143.webp,s3,143,normal,s3_143,s3\s3_143.webp,s3,3,49,1,s3_143_normal,539
s3_143_pf.webp,s3,143,pf,s3_143_pf,s3\s3_143_pf.webp,s3,3,49,2,s3_143_pf,540
s3_144.webp,s3,144,normal,s3_144,s3\s3_144.webp,s3,3,50,1,s3_144_normal,541
s3_145.webp,s3,145,normal,s3_145,s3\s3_145.webp,s3,3,51,1,s3_145_normal,542
s3_146.webp,s3,146,normal,s3_146,s3\s3_146.webp,s3,3,52,1,s3_146_normal,543
s3_147.webp,s3,147,normal,s3_147,s3\s3_147.webp,s3,3,53,1,s3_147_normal,544
s3_148.webp,s3,148,normal,s3_148,s3\s3_148.webp,s3,3,54,1,s3_148_normal,545
s3_149.webp,s3,149,normal,s3_149,s3\s3_149.webp,s3,3,55,1,s3_149_normal,546
s3_15.webp,s3,15,normal,s3_15,s3\s3_15.webp,s3,3,56,1,s3_15_normal,559
s3_150.webp,s3,150,normal,s3_150,s3\s3_150.webp,s3,3,57,1,s3_150_normal,548
s3_151.webp,s3,151,normal,s3_151,s3\s3_151.webp,s3,3,58,1,s3_151_normal,549
s3_152.webp,s3,152,normal,s3_152,s3\s3_152.webp,s3,3,59,1,s3_152_normal,550
s3_152_pf.webp,s3,152,pf,s3_152_pf,s3\s3_152_pf.webp,s3,3,59,2,s3_152_pf,551
s3_153.webp,s3,153,normal,s3_153,s3\s3_153.webp,s3,3,60,1,s3_153_normal,552
s3_154.webp,s3,154,normal,s3_154,s3\s3_154.webp,s3,3,61,1,s3_154_normal,553
s3_155.webp,s3,155,normal,s3_155,s3\s3_155.webp,s3,3,62,1,s3_155_normal,554
s3_156.webp,s3,156,normal,s3_156,s3\s3_156.webp,s3,3,63,1,s3_156_normal,555
s3_157.webp,s3,157,normal,s3_157,s3\s3_157.webp,s3,3,64,1,s3_157_normal,556
s3_158.webp,s3,158,normal,s3_158,s3\s3_158.webp,s3,3,65,1,s3_158_normal,557
s3_159.webp,s3,159,normal,s3_159,s3\s3_159.webp,s3,3,66,1,s3_159_normal,558
s3_16.webp,s3,16,normal,s3_16,s3\s3_16.webp,s3,3,67,1,s3_16_normal,575
s3_160.webp,s3,160,normal,s3_160,s3\s3_160.webp,s3,3,68,1,s3_160_normal,560
s3_160_pf.webp,s3,160,pf,s3_160_pf,s3\s3_160_pf.webp,s3,3,68,2,s3_160_pf,561
s3_161.webp,s3,161,normal,s3_161,s3\s3_161.webp,s3,3,69,1,s3_161_normal,562
s3_161_pf.webp,s3,161,pf,s3_161_pf,s3\s3_161_pf.webp,s3,3,69,2,s3_161_pf,563
s3_162.webp,s3,162,normal,s3_162,s3\s3_162.webp,s3,3,70,1,s3_162_normal,564
s3_162_pf.webp,s3,162,pf,s3_162_pf,s3\s3_162_pf.webp,s3,3,70,2,s3_162_pf,565
s3_163.webp,s3,163,normal,s3_163,s3\s3_163.webp,s3,3,71,1,s3_163_normal,566
s3_164.webp,s3,164,normal,s3_164,s3\s3_164.webp,s3,3,72,1,s3_164_normal,567
s3_164_pf.webp,s3,164,pf,s3_164_pf,s3\s3_164_pf.webp,s3,3,72,2,s3_164_pf,568
s3_165.webp,s3,165,normal,s3_165,s3\s3_165.webp,s3,3,73,1,s3_165_normal,569
s3_166.webp,s3,166,normal,s3_166,s3\s3_166.webp,s3,3,74,1,s3_166_normal,570
s3_167.webp,s3,167,normal,s3_167,s3\s3_167.webp,s3,3,75,1,s3_167_normal,571
s3_168.webp,s3,168,normal,s3_168,s3\s3_168.webp,s3,3,76,1,s3_168_normal,573
s3_168_alt.webp,s3,168,alt,s3_168_alt,s3\s3_168_alt.webp,s3,3,76,0,s3_168_alt,572
s3_169.webp,s3,169,normal,s3_169,s3\s3_169.webp,s3,3,77,1,s3_169_normal,574
s3_17.webp,s3,17,normal,s3_17,s3\s3_17.webp,s3,3,78,1,s3_17_normal,587
s3_170.webp,s3,170,normal,s3_170,s3\s3_170.webp,s3,3,79,1,s3_170_normal,576
s3_171.webp,s3,171,normal,s3_171,s3\s3_171.webp,s3,3,80,1,s3_171_normal,577
s3_172.webp,s3,172,normal,s3_172,s3\s3_172.webp,s3,3,81,1,s3_172_normal,578
s3_173.webp,s3,173,normal,s3_173,s3\s3_173.webp,s3,3,82,1,s3_173_normal,579
s3_174.webp,s3,174,normal,s3_174,s3\s3_174.webp,s3,3,83,1,s3_174_normal,580
s3_174_pf.webp,s3,174,pf,s3_174_pf,s3\s3_174_pf.webp,s3,3,83,2,s3_174_pf,581
s3_175.webp,s3,175,normal,s3_175,s3\s3_175.webp,s3,3,84,1,s3_175_normal,582
s3_176.webp,s3,176,normal,s3_176,s3\s3_176.webp,s3,3,85,1,s3_176_normal,583
s3_177.webp,s3,177,normal,s3_177,s3\s3_177.webp,s3,3,86,1,s3_177_normal,584
s3_178.webp,s3,178,normal,s3_178,s3\s3_178.webp,s3,3,87,1,s3_178_normal,585
s3_179.webp,s3,179,normal,s3_179,s3\s3_179.webp,s3,3,88,1,s3_179_normal,586
s3_18.webp,s3,18,normal,s3_18,s3\s3_18.webp,s3,3,89,1,s3_18_normal,600
s3_180.webp,s3,180,normal,s3_180,s3\s3_180.webp,s3,3,90,1,s3_180_normal,588
s3_181.webp,s3,181,normal,s3_181,s3\s3_181.webp,s3,3,91,1,s3_181_normal,589
s3_182.webp,s3,182,normal,s3_182,s3\s3_182.webp,s3,3,92,1,s3_182_normal,590
s3_183.webp,s3,183,normal,s3_183,s3\s3_183.webp,s3,3,93,1,s3_183_normal,591
s3_184.webp,s3,184,normal,s3_184,s3\s3_184.webp,s3,3,94,1,s3_184_normal,593
s3_184_alt.webp,s3,184,alt,s3_184_alt,s3\s3_184_alt.webp,s3,3,94,0,s3_184_alt,592
s3_185.webp,s3,185,normal,s3_185,s3\s3_185.webp,s3,3,95,1,s3_185_normal,594
s3_185_pf.webp,s3,185,pf,s3_185_pf,s3\s3_185_pf.webp,s3,3,95,2,s3_185_pf,595
s3_186.webp,s3,186,normal,s3_186,s3\s3_186.webp,s3,3,96,1,s3_186_normal,596
s3_187.webp,s3,187,normal,s3_187,s3\s3_187.webp,s3,3,97,1,s3_187_normal,597
s3_188.webp,s3,188,normal,s3_188,s3\s3_188.webp,s3,3,98,1,s3_188_normal,598
s3_189.webp,s3,189,normal,s3_189,s3\s3_189.webp,s3,3,99,1,s3_189_normal,599
s3_19.webp,s3,19,normal,s3_19,s3\s3_19.webp,s3,3,100,1,s3_19_normal,609
s3_190.webp,s3,190,normal,s3_190,s3\s3_190.webp,s3,3,101,1,s3_190_normal,601
s3_190_pf.webp,s3,190,pf,s3_190_pf,s3\s3_190_pf.webp,s3,3,101,2,s3_190_pf,602
s3_191.webp,s3,191,normal,s3_191,s3\s3_191.webp,s3,3,102,1,s3_191_normal,603
s3_191_pf.webp,s3,191,pf,s3_191_pf,s3\s3_191_pf.webp,s3,3,102,2,s3_191_pf,604
s3_192.webp,s3,192,normal,s3_192,s3\s3_192.webp,s3,3,103,1,s3_192_normal,605
s3_193.webp,s3,193,normal,s3_193,s3\s3_193.webp,s3,3,104,1,s3_193_normal,606
s3_194.webp,s3,194,normal,s3_194,s3\s3_194.webp,s3,3,105,1,s3_194_normal,607
s3_195.webp,s3,195,normal,s3_195,s3\s3_195.webp,s3,3,106,1,s3_195_normal,608
s3_2.webp,s3,2,normal,s3_2,s3\s3_2.webp,s3,3,111,1,s3_2_normal,624
s3_20.webp,s3,20,normal,s3_20,s3\s3_20.webp,s3,3,112,1,s3_20_normal,611
s3_21.webp,s3,21,normal,s3_21,s3\s3_21.webp,s3,3,123,1,s3_21_normal,612
s3_22.webp,s3,22,normal,s3_22,s3\s3_22.webp,s3,3,134,1,s3_22_normal,613
s3_22_pf.webp,s3,22,pf,s3_22_pf,s3\s3_22_pf.webp,s3,3,134,2,s3_22_pf,614
s3_23.webp,s3,23,normal,s3_23,s3\s3_23.webp,s3,3,136,1,s3_23_normal,615
s3_23_pf.webp,s3,23,pf,s3_23_pf,s3\s3_23_pf.webp,s3,3,136,2,s3_23_pf,616
s3_24.webp,s3,24,normal,s3_24,s3\s3_24.webp,s3,3,137,1,s3_24_normal,617
s3_25.webp,s3,25,normal,s3_25,s3\s3_25.webp,s3,3,138,1,s3_25_normal,618
s3_25_pf.webp,s3,25,pf,s3_25_pf,s3\s3_25_pf.webp,s3,3,138,2,s3_25_pf,619
s3_26.webp,s3,26,normal,s3_26,s3\s3_26.webp,s3,3,139,1,s3_26_normal,620
s3_27.webp,s3,27,normal,s3_27,s3\s3_27.webp,s3,3,140,1,s3_27_normal,621
s3_28.webp,s3,28,normal,s3_28,s3\s3_28.webp,s3,3,141,1,s3_28_normal,622
s3_29.webp,s3,29,normal,s3_29,s3\s3_29.webp,s3,3,142,1,s3_29_normal,623
s3_3.webp,s3,3,normal,s3_3,s3\s3_3.webp,s3,3,143,1,s3_3_normal,636
s3_30.webp,s3,30,normal,s3_30,s3\s3_30.webp,s3,3,144,1,s3_30_normal,625
s3_31.webp,s3,31,normal,s3_31,s3\s3_31.webp,s3,3,145,1,s3_31_normal,626
s3_31_pf.webp,s3,31,pf,s3_31_pf,s3\s3_31_pf.webp,s3,3,145,2,s3_31_pf,627
s3_32.webp,s3,32,normal,s3_32,s3\s3_32.webp,s3,3,146,1,s3_32_normal,628
s3_33.webp,s3,33,normal,s3_33,s3\s3_33.webp,s3,3,147,1,s3_33_normal,629
s3_34.webp,s3,34,normal,s3_34,s3\s3_34.webp,s3,3,148,1,s3_34_normal,630
s3_35.webp,s3,35,normal,s3_35,s3\s3_35.webp,s3,3,149,1,s3_35_normal,631
s3_36.webp,s3,36,normal,s3_36,s3\s3_36.webp,s3,3,150,1,s3_36_normal,632
s3_37.webp,s3,37,normal,s3_37,s3\s3_37.webp,s3,3,151,1,s3_37_normal,633
s3_38.webp,s3,38,normal,s3_38,s3\s3_38.webp,s3,3,152,1,s3_38_normal,634
s3_39.webp,s3,39,normal,s3_39,s3\s3_39.webp,s3,3,153,1,s3_39_normal,635
s3_4.webp,s3,4,normal,s3_4,s3\s3_4.webp,s3,3,154,1,s3_4_normal,648
s3_40.webp,s3,40,normal,s3_40,s3\s3_40.webp,s3,3,155,1,s3_40_normal,637
s3_41.webp,s3,41,normal,s3_41,s3\s3_41.webp,s3,3,156,1,s3_41_normal,638
s3_42.webp,s3,42,normal,s3_42,s3\s3_42.webp,s3,3,157,1,s3_42_normal,639
s3_43.webp,s3,43,normal,s3_43,s3\s3_43.webp,s3,3,158,1,s3_43_normal,640
s3_44.webp,s3,44,normal,s3_44,s3\s3_44.webp,s3,3,159,1,s3_44_normal,641
s3_45.webp,s3,45,normal,s3_45,s3\s3_45.webp,s3,3,160,1,s3_45_normal,642
s3_46.webp,s3,46,normal,s3_46,s3\s3_46.webp,s3,3,161,1,s3_46_normal,643
s3_47.webp,s3,47,normal,s3_47,s3\s3_47.webp,s3,3,162,1,s3_47_normal,644
s3_47_pf.webp,s3,47,pf,s3_47_pf,s3\s3_47_pf.webp,s3,3,162,2,s3_47_pf,645
s3_48.webp,s3,48,normal,s3_48,s3\s3_48.webp,s3,3,163,1,s3_48_normal,646
s3_49.webp,s3,49,normal,s3_49,s3\s3_49.webp,s3,3,164,1,s3_49_normal,647
s3_5.webp,s3,5,normal,s3_5,s3\s3_5.webp,s3,3,165,1,s3_5_normal,661
s3_50.webp,s3,50,normal,s3_50,s3\s3_50.webp,s3,3,166,1,s3_50_normal,649
s3_51.webp,s3,51,normal,s3_51,s3\s3_51.webp,s3,3,167,1,s3_51_normal,650
s3_52.webp,s3,52,normal,s3_52,s3\s3_52.webp,s3,3,168,1,s3_52_normal,651
s3_53.webp,s3,53,normal,s3_53,s3\s3_53.webp,s3,3,169,1,s3_53_normal,652
s3_54.webp,s3,54,normal,s3_54,s3\s3_54.webp,s3,3,170,1,s3_54_normal,653
s3_55.webp,s3,55,normal,s3_55,s3\s3_55.webp,s3,3,171,1,s3_55_normal,654
s3_56.webp,s3,56,normal,s3_56,s3\s3_56.webp,s3,3,172,1,s3_56_normal,655
s3_56_pf.webp,s3,56,pf,s3_56_pf,s3\s3_56_pf.webp,s3,3,172,2,s3_56_pf,656
s3_57.webp,s3,57,normal,s3_57,s3\s3_57.webp,s3,3,173,1,s3_57_normal,657
s3_57_pf.webp,s3,57,pf,s3_57_pf,s3\s3_57_pf.webp,s3,3,173,2,s3_57_pf,658
s3_58.webp,s3,58,normal,s3_58,s3\s3_58.webp,s3,3,174,1,s3_58_normal,659
s3_59.webp,s3,59,normal,s3_59,s3\s3_59.webp,s3,3,175,1,s3_59_normal,660
s3_5_pf.webp,s3,5,pf,s3_5_pf,s3\s3_5_pf.webp,s3,3,165,2,s3_5_pf,662
s3_6.webp,s3,6,normal,s3_6,s3\s3_6.webp,s3,3,176,1,s3_6_normal,677
s3_60.webp,s3,60,normal,s3_60,s3\s3_60.webp,s3,3,177,1,s3_60_normal,663
s3_61.webp,s3,61,normal,s3_61,s3\s3_61.webp,s3,3,178,1,s3_61_normal,664
s3_62.webp,s3,62,normal,s3_62,s3\s3_62.webp,s3,3,179,1,s3_62_normal,665
s3_63.webp,s3,63,normal,s3_63,s3\s3_63.webp,s3,3,180,1,s3_63_normal,666
s3_63_pf.webp,s3,63,pf,s3_63_pf,s3\s3_63_pf.webp,s3,3,180,2,s3_63_pf,667
s3_64.webp,s3,64,normal,s3_64,s3\s3_64.webp,s3,3,181,1,s3_64_normal,668
s3_64_pf.webp,s3,64,pf,s3_64_pf,s3\s3_64_pf.webp,s3,3,181,2,s3_64_pf,669
s3_65.webp,s3,65,normal,s3_65,s3\s3_65.webp,s3,3,182,1,s3_65_normal,670
s3_66.webp,s3,66,normal,s3_66,s3\s3_66.webp,s3,3,183,1,s3_66_normal,671
s3_67.webp,s3,67,normal,s3_67,s3\s3_67.webp,s3,3,184,1,s3_67_normal,672
s3_68.webp,s3,68,normal,s3_68,s3\s3_68.webp,s3,3,185,1,s3_68_normal,674
s3_68_alt.webp,s3,68,alt,s3_68_alt,s3\s3_68_alt.webp,s3,3,185,0,s3_68_alt,673
s3_69.webp,s3,69,normal,s3_69,s3\s3_69.webp,s3,3,186,1,s3_69_normal,675
s3_6_alt.webp,s3,6,alt,s3_6_alt,s3\s3_6_alt.webp,s3,3,176,0,s3_6_alt,676
s3_7.webp,s3,7,normal,s3_7,s3\s3_7.webp,s3,3,187,1,s3_7_normal,689
s3_70.webp,s3,70,normal,s3_70,s3\s3_70.webp,s3,3,188,1,s3_70_normal,678
s3_71.webp,s3,71,normal,s3_71,s3\s3_71.webp,s3,3,189,1,s3_71_normal,679
s3_72.webp,s3,72,normal,s3_72,s3\s3_72.webp,s3,3,190,1,s3_72_normal,680
s3_73.webp,s3,73,normal,s3_73,s3\s3_73.webp,s3,3,191,1,s3_73_normal,681
s3_74.webp,s3,74,normal,s3_74,s3\s3_74.webp,s3,3,192,1,s3_74_normal,682
s3_74_pf.webp,s3,74,pf,s3_74_pf,s3\s3_74_pf.webp,s3,3,192,2,s3_74_pf,683
s3_75.webp,s3,75,normal,s3_75,s3\s3_75.webp,s3,3,193,1,s3_75_normal,684
s3_76.webp,s3,76,normal,s3_76,s3\s3_76.webp,s3,3,194,1,s3_76_normal,685
s3_77.webp,s3,77,normal,s3_77,s3\s3_77.webp,s3,3,195,1,s3_77_normal,686
s3_78.webp,s3,78,normal,s3_78,s3\s3_78.webp,s3,3,196,1,s3_78_normal,687
s3_79.webp,s3,79,normal,s3_79,s3\s3_79.webp,s3,3,197,1,s3_79_normal,688
s3_8.webp,s3,8,normal,s3_8,s3\s3_8.webp,s3,3,198,1,s3_8_normal,702
s3_80.webp,s3,80,normal,s3_80,s3\s3_80.webp,s3,3,199,1,s3_80_normal,690
s3_81.webp,s3,81,normal,s3_81,s3\s3_81.webp,s3,3,200,1,s3_81_normal,691
s3_82.webp,s3,82,normal,s3_82,s3\s3_82.webp,s3,3,201,1,s3_82_normal,692
s3_83.webp,s3,83,normal,s3_83,s3\s3_83.webp,s3,3,202,1,s3_83_normal,693
s3_84.webp,s3,84,normal,s3_84,s3\s3_84.webp,s3,3,203,1,s3_84_normal,694
s3_85.webp,s3,85,normal,s3_85,s3\s3_85.webp,s3,3,204,1,s3_85_normal,695
s3_86.webp,s3,86,normal,s3_86,s3\s3_86.webp,s3,3,205,1,s3_86_normal,696
s3_87.webp,s3,87,normal,s3_87,s3\s3_87.webp,s3,3,206,1,s3_87_normal,697
s3_87_pf.webp,s3,87,pf,s3_87_pf,s3\s3_87_pf.webp,s3,3,206,2,s3_87_pf,698
s3_88.webp,s3,88,normal,s3_88,s3\s3_88.webp,s3,3,207,1,s3_88_normal,699
s3_89.webp,s3,89,normal,s3_89,s3\s3_89.webp,s3,3,208,1,s3_89_normal,701
s3_89_alt.webp,s3,89,alt,s3_89_alt,s3\s3_89_alt.webp,s3,3,208,0,s3_89_alt,700
s3_9.webp,s3,9,normal,s3_9,s3\s3_9.webp,s3,3,209,1,s3_9_normal,717
s3_90.webp,s3,90,normal,s3_90,s3\s3_90.webp,s3,3,210,1,s3_90_normal,703
s3_91.webp,s3,91,normal,s3_91,s3\s3_91.webp,s3,3,211,1,s3_91_normal,704
s3_91_pf.webp,s3,91,pf,s3_91_pf,s3\s3_91_pf.webp,s3,3,211,2,s3_91_pf,705
s3_92.webp,s3,92,normal,s3_92,s3\s3_92.webp,s3,3,212,1,s3_92_normal,706
s3_92_pf.webp,s3,92,pf,s3_92_pf,s3\s3_92_pf.webp,s3,3,212,2,s3_92_pf,707
s3_93.webp,s3,93,normal,s3_93,s3\s3_93.webp,s3,3,213,1,s3_93_normal,708
s3_94.webp,s3,94,normal,s3_94,s3\s3_94.webp,s3,3,214,1,s3_94_normal,709
s3_94_pf.webp,s3,94,pf,s3_94_pf,s3\s3_94_pf.webp,s3,3,214,2,s3_94_pf,710
s3_95.webp,s3,95,normal,s3_95,s3\s3_95.webp,s3,3,215,1,s3_95_normal,711
s3_96.webp,s3,96,normal,s3_96,s3\s3_96.webp,s3,3,216,1,s3_96_normal,712
s3_97.webp,s3,97,normal,s3_97,s3\s3_97.webp,s3,3,217,1,s3_97_normal,713
s3_97_pf.webp,s3,97,pf,s3_97_pf,s3\s3_97_pf.webp,s3,3,217,2,s3_97_pf,714
s3_98.webp,s3,98,normal,s3_98,s3\s3_98.webp,s3,3,218,1,s3_98_normal,715
s3_99.webp,s3,99,normal,s3_99,s3\s3_99.webp,s3,3,219,1,s3_99_normal,716
s4_1.webp,s4,1,normal,s4_1,s4\s4_1.webp,s4,4,0,1,s4_1_normal,832
s4_10.webp,s4,10,normal,s4_10,s4\s4_10.webp,s4,4,1,1,s4_10_normal,729
s4_100.webp,s4,100,normal,s4_100,s4\s4_100.webp,s4,4,2,1,s4_100_normal,718
s4_101.webp,s4,101,normal,s4_101,s4\s4_101.webp,s4,4,3,1,s4_101_normal,719
s4_102.webp,s4,102,normal,s4_102,s4\s4_102.webp,s4,4,4,1,s4_102_normal,720
s4_103.webp,s4,103,normal,s4_103,s4\s4_103.webp,s4,4,5,1,s4_103_normal,722
s4_103_alt.webp,s4,103,alt,s4_103_alt,s4\s4_103_alt.webp,s4,4,5,0,s4_103_alt,721
s4_104.webp,s4,104,normal,s4_104,s4\s4_104.webp,s4,4,6,1,s4_104_normal,723
s4_105.webp,s4,105,normal,s4_105,s4\s4_105.webp,s4,4,7,1,s4_105_normal,724
s4_106.webp,s4,106,normal,s4_106,s4\s4_106.webp,s4,4,8,1,s4_106_normal,725
s4_107.webp,s4,107,normal,s4_107,s4\s4_107.webp,s4,4,9,1,s4_107_normal,726
s4_108.webp,s4,108,normal,s4_108,s4\s4_108.webp,s4,4,10,1,s4_108_normal,727
s4_109.webp,s4,109,normal,s4_109,s4\s4_109.webp,s4,4,11,1,s4_109_normal,728
s4_11.webp,s4,11,normal,s4_11,s4\s4_11.webp,s4,4,12,1,s4_11_normal,741
s4_110.webp,s4,110,normal,s4_110,s4\s4_110.webp,s4,4,13,1,s4_110_normal,730
s4_111.webp,s4,111,normal,s4_111,s4\s4_111.webp,s4,4,14,1,s4_111_normal,731
s4_112.webp,s4,112,normal,s4_112,s4\s4_112.webp,s4,4,15,1,s4_112_normal,732
s4_113.webp,s4,113,normal,s4_113,s4\s4_113.webp,s4,4,16,1,s4_113_normal,734
s4_113_alt.webp,s4,113,alt,s4_113_alt,s4\s4_113_alt.webp,s4,4,16,0,s4_113_alt,733
s4_114.webp,s4,114,normal,s4_114,s4\s4_114.webp,s4,4,17,1,s4_114_normal,735
s4_115.webp,s4,115,normal,s4_115,s4\s4_115.webp,s4,4,18,1,s4_115_normal,736
s4_116.webp,s4,116,normal,s4_116,s4\s4_116.webp,s4,4,19,1,s4_116_normal,737
s4_117.webp,s4,117,normal,s4_117,s4\s4_117.webp,s4,4,20,1,s4_117_normal,738
s4_118.webp,s4,118,normal,s4_118,s4\s4_118.webp,s4,4,21,1,s4_118_normal,739
s4_119.webp,s4,119,normal,s4_119,s4\s4_119.webp,s4,4,22,1,s4_119_normal,740
s4_12.webp,s4,12,normal,s4_12,s4\s4_12.webp,s4,4,23,1,s4_12_normal,752
s4_120.webp,s4,120,normal,s4_120,s4\s4_120.webp,s4,4,24,1,s4_120_normal,742
s4_121.webp,s4,121,normal,s4_121,s4\s4_121.webp,s4,4,25,1,s4_121_normal,743
s4_122.webp,s4,122,normal,s4_122,s4\s4_122.webp,s4,4,26,1,s4_122_normal,744
s4_123.webp,s4,123,normal,s4_123,s4\s4_123.webp,s4,4,27,1,s4_123_normal,745
s4_124.webp,s4,124,normal,s4_124,s4\s4_124.webp,s4,4,28,1,s4_124_normal,746
s4_125.webp,s4,125,normal,s4_125,s4\s4_125.webp,s4,4,29,1,s4_125_normal,747
s4_126.webp,s4,126,normal,s4_126,s4\s4_126.webp,s4,4,30,1,s4_126_normal,748
s4_127.webp,s4,127,normal,s4_127,s4\s4_127.webp,s4,4,31,1,s4_127_normal,749
s4_128.webp,s4,128,normal,s4_128,s4\s4_128.webp,s4,4,32,1,s4_128_normal,750
s4_129.webp,s4,129,normal,s4_129,s4\s4_129.webp,s4,4,33,1,s4_129_normal,751
s4_13.webp,s4,13,normal,s4_13,s4\s4_13.webp,s4,4,34,1,s4_13_normal,763
s4_130.webp,s4,130,normal,s4_130,s4\s4_130.webp,s4,4,35,1,s4_130_normal,753
s4_131.webp,s4,131,normal,s4_131,s4\s4_131.webp,s4,4,36,1,s4_131_normal,754
s4_132.webp,s4,132,normal,s4_132,s4\s4_132.webp,s4,4,37,1,s4_132_normal,755
s4_133.webp,s4,133,normal,s4_133,s4\s4_133.webp,s4,4,38,1,s4_133_normal,756
s4_134.webp,s4,134,normal,s4_134,s4\s4_134.webp,s4,4,39,1,s4_134_normal,757
s4_135.webp,s4,135,normal,s4_135,s4\s4_135.webp,s4,4,40,1,s4_135_normal,758
s4_136.webp,s4,136,normal,s4_136,s4\s4_136.webp,s4,4,41,1,s4_136_normal,759
s4_137.webp,s4,137,normal,s4_137,s4\s4_137.webp,s4,4,42,1,s4_137_normal,760
s4_138.webp,s4,138,normal,s4_138,s4\s4_138.webp,s4,4,43,1,s4_138_normal,761
s4_139.webp,s4,139,normal,s4_139,s4\s4_139.webp,s4,4,44,1,s4_139_normal,762
s4_14.webp,s4,14,normal,s4_14,s4\s4_14.webp,s4,4,45,1,s4_14_normal,776
s4_140.webp,s4,140,normal,s4_140,s4\s4_140.webp,s4,4,46,1,s4_140_normal,764
s4_141.webp,s4,141,normal,s4_141,s4\s4_141.webp,s4,4,47,1,s4_141_normal,765
s4_142.webp,s4,142,normal,s4_142,s4\s4_142.webp,s4,4,48,1,s4_142_normal,766
s4_143.webp,s4,143,normal,s4_143,s4\s4_143.webp,s4,4,49,1,s4_143_normal,768
s4_143_alt.webp,s4,143,alt,s4_143_alt,s4\s4_143_alt.webp,s4,4,49,0,s4_143_alt,767
s4_144.webp,s4,144,normal,s4_144,s4\s4_144.webp,s4,4,50,1,s4_144_normal,769
s4_145.webp,s4,145,normal,s4_145,s4\s4_145.webp,s4,4,51,1,s4_145_normal,770
s4_146.webp,s4,146,normal,s4_146,s4\s4_146.webp,s4,4,52,1,s4_146_normal,771
s4_147.webp,s4,147,normal,s4_147,s4\s4_147.webp,s4,4,53,1,s4_147_normal,772
s4_148.webp,s4,148,normal,s4_148,s4\s4_148.webp,s4,4,54,1,s4_148_normal,773
s4_149.webp,s4,149,normal,s4_149,s4\s4_149.webp,s4,4,55,1,s4_149_normal,775
s4_149_alt.webp,s4,149,alt,s4_149_alt,s4\s4_149_alt.webp,s4,4,55,0,s4_149_alt,774
s4_15.webp,s4,15,normal,s4_15,s4\s4_15.webp,s4,4,56,1,s4_15_normal,787
s4_150.webp,s4,150,normal,s4_150,s4\s4_150.webp,s4,4,57,1,s4_150_normal,777
s4_151.webp,s4,151,normal,s4_151,s4\s4_151.webp,s4,4,58,1,s4_151_normal,778
s4_152.webp,s4,152,normal,s4_152,s4\s4_152.webp,s4,4,59,1,s4_152_normal,779
s4_153.webp,s4,153,normal,s4_153,s4\s4_153.webp,s4,4,60,1,s4_153_normal,780
s4_154.webp,s4,154,normal,s4_154,s4\s4_154.webp,s4,4,61,1,s4_154_normal,781
s4_155.webp,s4,155,normal,s4_155,s4\s4_155.webp,s4,4,62,1,s4_155_normal,782
s4_156.webp,s4,156,normal,s4_156,s4\s4_156.webp,s4,4,63,1,s4_156_normal,783
s4_157.webp,s4,157,normal,s4_157,s4\s4_157.webp,s4,4,64,1,s4_157_normal,784
s4_158.webp,s4,158,normal,s4_158,s4\s4_158.webp,s4,4,65,1,s4_158_normal,785
s4_159.webp,s4,159,normal,s4_159,s4\s4_159.webp,s4,4,66,1,s4_159_normal,786
s4_16.webp,s4,16,normal,s4_16,s4\s4_16.webp,s4,4,67,1,s4_16_normal,798
s4_160.webp,s4,160,normal,s4_160,s4\s4_160.webp,s4,4,68,1,s4_160_normal,788
s4_161.webp,s4,161,normal,s4_161,s4\s4_161.webp,s4,4,69,1,s4_161_normal,789
s4_162.webp,s4,162,normal,s4_162,s4\s4_162.webp,s4,4,70,1,s4_162_normal,790
s4_163.webp,s4,163,normal,s4_163,s4\s4_163.webp,s4,4,71,1,s4_163_normal,791
s4_164.webp,s4,164,normal,s4_164,s4\s4_164.webp,s4,4,72,1,s4_164_normal,792
s4_165.webp,s4,165,normal,s4_165,s4\s4_165.webp,s4,4,73,1,s4_165_normal,793
s4_166.webp,s4,166,normal,s4_166,s4\s4_166.webp,s4,4,74,1,s4_166_normal,794
s4_167.webp,s4,167,normal,s4_167,s4\s4_167.webp,s4,4,75,1,s4_167_normal,795
s4_168.webp,s4,168,normal,s4_168,s4\s4_168.webp,s4,4,76,1,s4_168_normal,796
s4_169.webp,s4,169,normal,s4_169,s4\s4_169.webp,s4,4,77,1,s4_169_normal,797
s4_17.webp,s4,17,normal,s4_17,s4\s4_17.webp,s4,4,78,1,s4_17_normal,809
s4_170.webp,s4,170,normal,s4_170,s4\s4_170.webp,s4,4,79,1,s4_170_normal,799
s4_171.webp,s4,171,normal,s4_171,s4\s4_171.webp,s4,4,80,1,s4_171_normal,800
s4_172.webp,s4,172,normal,s4_172,s4\s4_172.webp,s4,4,81,1,s4_172_normal,801
s4_173.webp,s4,173,normal,s4_173,s4\s4_173.webp,s4,4,82,1,s4_173_normal,802
s4_174.webp,s4,174,normal,s4_174,s4\s4_174.webp,s4,4,83,1,s4_174_normal,803
s4_175.webp,s4,175,normal,s4_175,s4\s4_175.webp,s4,4,84,1,s4_175_normal,804
s4_176.webp,s4,176,normal,s4_176,s4\s4_176.webp,s4,4,85,1,s4_176_normal,805
s4_177.webp,s4,177,normal,s4_177,s4\s4_177.webp,s4,4,86,1,s4_177_normal,806
s4_178.webp,s4,178,normal,s4_178,s4\s4_178.webp,s4,4,87,1,s4_178_normal,807
s4_179.webp,s4,179,normal,s4_179,s4\s4_179.webp,s4,4,88,1,s4_179_normal,808
s4_18.webp,s4,18,normal,s4_18,s4\s4_18.webp,s4,4,89,1,s4_18_normal,820
s4_180.webp,s4,180,normal,s4_180,s4\s4_180.webp,s4,4,90,1,s4_180_normal,810
s4_181.webp,s4,181,normal,s4_181,s4\s4_181.webp,s4,4,91,1,s4_181_normal,811
s4_182.webp,s4,182,normal,s4_182,s4\s4_182.webp,s4,4,92,1,s4_182_normal,812
s4_183.webp,s4,183,normal,s4_183,s4\s4_183.webp,s4,4,93,1,s4_183_normal,813
s4_184.webp,s4,184,normal,s4_184,s4\s4_184.webp,s4,4,94,1,s4_184_normal,814
s4_185.webp,s4,185,normal,s4_185,s4\s4_185.webp,s4,4,95,1,s4_185_normal,815
s4_186.webp,s4,186,normal,s4_186,s4\s4_186.webp,s4,4,96,1,s4_186_normal,816
s4_187.webp,s4,187,normal,s4_187,s4\s4_187.webp,s4,4,97,1,s4_187_normal,817
s4_188.webp,s4,188,normal,s4_188,s4\s4_188.webp,s4,4,98,1,s4_188_normal,818
s4_189.webp,s4,189,normal,s4_189,s4\s4_189.webp,s4,4,99,1,s4_189_normal,819
s4_19.webp,s4,19,normal,s4_19,s4\s4_19.webp,s4,4,100,1,s4_19_normal,831
s4_190.webp,s4,190,normal,s4_190,s4\s4_190.webp,s4,4,101,1,s4_190_normal,821
s4_191.webp,s4,191,normal,s4_191,s4\s4_191.webp,s4,4,102,1,s4_191_normal,822
s4_192.webp,s4,192,normal,s4_192,s4\s4_192.webp,s4,4,103,1,s4_192_normal,823
s4_193.webp,s4,193,normal,s4_193,s4\s4_193.webp,s4,4,104,1,s4_193_normal,824
s4_194.webp,s4,194,normal,s4_194,s4\s4_194.webp,s4,4,105,1,s4_194_normal,825
s4_195.webp,s4,195,normal,s4_195,s4\s4_195.webp,s4,4,106,1,s4_195_normal,826
s4_196.webp,s4,196,normal,s4_196,s4\s4_196.webp,s4,4,107,1,s4_196_normal,827
s4_197.webp,s4,197,normal,s4_197,s4\s4_197.webp,s4,4,108,1,s4_197_normal,828
s4_198.webp,s4,198,normal,s4_198,s4\s4_198.webp,s4,4,109,1,s4_198_normal,829
s4_199.webp,s4,199,normal,s4_199,s4\s4_199.webp,s4,4,110,1,s4_199_normal,830
s4_2.webp,s4,2,normal,s4_2,s4\s4_2.webp,s4,4,111,1,s4_2_normal,865
s4_20.webp,s4,20,normal,s4_20,s4\s4_20.webp,s4,4,112,1,s4_20_normal,843
s4_200.webp,s4,200,normal,s4_200,s4\s4_200.webp,s4,4,113,1,s4_200_normal,833
s4_201.webp,s4,201,normal,s4_201,s4\s4_201.webp,s4,4,114,1,s4_201_normal,834
s4_202.webp,s4,202,normal,s4_202,s4\s4_202.webp,s4,4,115,1,s4_202_normal,835
s4_203.webp,s4,203,normal,s4_203,s4\s4_203.webp,s4,4,116,1,s4_203_normal,836
s4_204.webp,s4,204,normal,s4_204,s4\s4_204.webp,s4,4,117,1,s4_204_normal,837
s4_205.webp,s4,205,normal,s4_205,s4\s4_205.webp,s4,4,118,1,s4_205_normal,838
s4_206.webp,s4,206,normal,s4_206,s4\s4_206.webp,s4,4,119,1,s4_206_normal,839
s4_207.webp,s4,207,normal,s4_207,s4\s4_207.webp,s4,4,120,1,s4_207_normal,840
s4_208.webp,s4,208,normal,s4_208,s4\s4_208.webp,s4,4,121,1,s4_208_normal,841
s4_209.webp,s4,209,normal,s4_209,s4\s4_209.webp,s4,4,122,1,s4_209_normal,842
s4_21.webp,s4,21,normal,s4_21,s4\s4_21.webp,s4,4,123,1,s4_21_normal,854
s4_210.webp,s4,210,normal,s4_210,s4\s4_210.webp,s4,4,124,1,s4_210_normal,844
s4_211.webp,s4,211,normal,s4_211,s4\s4_211.webp,s4,4,125,1,s4_211_normal,845
s4_212.webp,s4,212,normal,s4_212,s4\s4_212.webp,s4,4,126,1,s4_212_normal,846
s4_213.webp,s4,213,normal,s4_213,s4\s4_213.webp,s4,4,127,1,s4_213_normal,847
s4_214.webp,s4,214,normal,s4_214,s4\s4_214.webp,s4,4,128,1,s4_214_normal,848
s4_215.webp,s4,215,normal,s4_215,s4\s4_215.webp,s4,4,129,1,s4_215_normal,849
s4_216.webp,s4,216,normal,s4_216,s4\s4_216.webp,s4,4,130,1,s4_216_normal,850
s4_217.webp,s4,217,normal,s4_217,s4\s4_217.webp,s4,4,131,1,s4_217_normal,851
s4_218.webp,s4,218,normal,s4_218,s4\s4_218.webp,s4,4,132,1,s4_218_normal,852
s4_219.webp,s4,219,normal,s4_219,s4\s4_219.webp,s4,4,133,1,s4_219_normal,853
s4_22.webp,s4,22,normal,s4_22,s4\s4_22.webp,s4,4,134,1,s4_22_normal,856
s4_220.webp,s4,220,normal,s4_220,s4\s4_220.webp,s4,4,135,1,s4_220_normal,855
s4_23.webp,s4,23,normal,s4_23,s4\s4_23.webp,s4,4,136,1,s4_23_normal,857
s4_24.webp,s4,24,normal,s4_24,s4\s4_24.webp,s4,4,137,1,s4_24_normal,858
s4_25.webp,s4,25,normal,s4_25,s4\s4_25.webp,s4,4,138,1,s4_25_normal,859
s4_26.webp,s4,26,normal,s4_26,s4\s4_26.webp,s4,4,139,1,s4_26_normal,860
s4_27.webp,s4,27,normal,s4_27,s4\s4_27.webp,s4,4,140,1,s4_27_normal,861
s4_28.webp,s4,28,normal,s4_28,s4\s4_28.webp,s4,4,141,1,s4_28_normal,863
s4_28_alt.webp,s4,28,alt,s4_28_alt,s4\s4_28_alt.webp,s4,4,141,0,s4_28_alt,862
s4_29.webp,s4,29,normal,s4_29,s4\s4_29.webp,s4,4,142,1,s4_29_normal,864
s4_3.webp,s4,3,normal,s4_3,s4\s4_3.webp,s4,4,143,1,s4_3_normal,876
s4_30.webp,s4,30,normal,s4_30,s4\s4_30.webp,s4,4,144,1,s4_30_normal,866
s4_31.webp,s4,31,normal,s4_31,s4\s4_31.webp,s4,4,145,1,s4_31_normal,867
s4_32.webp,s4,32,normal,s4_32,s4\s4_32.webp,s4,4,146,1,s4_32_normal,868
s4_33.webp,s4,33,normal,s4_33,s4\s4_33.webp,s4,4,147,1,s4_33_normal,869
s4_34.webp,s4,34,normal,s4_34,s4\s4_34.webp,s4,4,148,1,s4_34_normal,870
s4_35.webp,s4,35,normal,s4_35,s4\s4_35.webp,s4,4,149,1,s4_35_normal,871
s4_36.webp,s4,36,normal,s4_36,s4\s4_36.webp,s4,4,150,1,s4_36_normal,872
s4_37.webp,s4,37,normal,s4_37,s4\s4_37.webp,s4,4,151,1,s4_37_normal,873
s4_38.webp,s4,38,normal,s4_38,s4\s4_38.webp,s4,4,152,1,s4_38_normal,874
s4_39.webp,s4,39,normal,s4_39,s4\s4_39.webp,s4,4,153,1,s4_39_normal,875
s4_4.webp,s4,4,normal,s4_4,s4\s4_4.webp,s4,4,154,1,s4_4_normal,887
s4_40.webp,s4,40,normal,s4_40,s4\s4_40.webp,s4,4,155,1,s4_40_normal,877
s4_41.webp,s4,41,normal,s4_41,s4\s4_41.webp,s4,4,156,1,s4_41_normal,878
s4_42.webp,s4,42,normal,s4_42,s4\s4_42.webp,s4,4,157,1,s4_42_normal,879
s4_43.webp,s4,43,normal,s4_43,s4\s4_43.webp,s4,4,158,1,s4_43_normal,880
s4_44.webp,s4,44,normal,s4_44,s4\s4_44.webp,s4,4,159,1,s4_44_normal,881
s4_45.webp,s4,45,normal,s4_45,s4\s4_45.webp,s4,4,160,1,s4_45_normal,882
s4_46.webp,s4,46,normal,s4_46,s4\s4_46.webp,s4,4,161,1,s4_46_normal,883
s4_47.webp,s4,47,normal,s4_47,s4\s4_47.webp,s4,4,162,1,s4_47_normal,884
s4_48.webp,s4,48,normal,s4_48,s4\s4_48.webp,s4,4,163,1,s4_48_normal,885
s4_49.webp,s4,49,normal,s4_49,s4\s4_49.webp,s4,4,164,1,s4_49_normal,886
s4_5.webp,s4,5,normal,s4_5,s4\s4_5.webp,s4,4,165,1,s4_5_normal,898
s4_50.webp,s4,50,normal,s4_50,s4\s4_50.webp,s4,4,166,1,s4_50_normal,888
s4_51.webp,s4,51,normal,s4_51,s4\s4_51.webp,s4,4,167,1,s4_51_normal,889
s4_52.webp,s4,52,normal,s4_52,s4\s4_52.webp,s4,4,168,1,s4_52_normal,890
s4_53.webp,s4,53,normal,s4_53,s4\s4_53.webp,s4,4,169,1,s4_53_normal,891
s4_54.webp,s4,54,normal,s4_54,s4\s4_54.webp,s4,4,170,1,s4_54_normal,892
s4_55.webp,s4,55,normal,s4_55,s4\s4_55.webp,s4,4,171,1,s4_55_normal,893
s4_56.webp,s4,56,normal,s4_56,s4\s4_56.webp,s4,4,172,1,s4_56_normal,894
s4_57.webp,s4,57,normal,s4_57,s4\s4_57.webp,s4,4,173,1,s4_57_normal,895
s4_58.webp,s4,58,normal,s4_58,s4\s4_58.webp,s4,4,174,1,s4_58_normal,896
s4_59.webp,s4,59,normal,s4_59,s4\s4_59.webp,s4,4,175,1,s4_59_normal,897
s4_6.webp,s4,6,normal,s4_6,s4\s4_6.webp,s4,4,176,1,s4_6_normal,910
s4_60.webp,s4,60,normal,s4_60,s4\s4_60.webp,s4,4,177,1,s4_60_normal,899
s4_61.webp,s4,61,normal,s4_61,s4\s4_61.webp,s4,4,178,1,s4_61_normal,900
s4_62.webp,s4,62,normal,s4_62,s4\s4_62.webp,s4,4,179,1,s4_62_normal,901
s4_63.webp,s4,63,normal,s4_63,s4\s4_63.webp,s4,4,180,1,s4_63_normal,903
s4_63_alt.webp,s4,63,alt,s4_63_alt,s4\s4_63_alt.webp,s4,4,180,0,s4_63_alt,902
s4_64.webp,s4,64,normal,s4_64,s4\s4_64.webp,s4,4,181,1,s4_64_normal,904
s4_65.webp,s4,65,normal,s4_65,s4\s4_65.webp,s4,4,182,1,s4_65_normal,905
s4_66.webp,s4,66,normal,s4_66,s4\s4_66.webp,s4,4,183,1,s4_66_normal,906
s4_67.webp,s4,67,normal,s4_67,s4\s4_67.webp,s4,4,184,1,s4_67_normal,907
s4_68.webp,s4,68,normal,s4_68,s4\s4_68.webp,s4,4,185,1,s4_68_normal,908
s4_69.webp,s4,69,normal,s4_69,s4\s4_69.webp,s4,4,186,1,s4_69_normal,909
s4_7.webp,s4,7,normal,s4_7,s4\s4_7.webp,s4,4,187,1,s4_7_normal,922
s4_70.webp,s4,70,normal,s4_70,s4\s4_70.webp,s4,4,188,1,s4_70_normal,911
s4_71.webp,s4,71,normal,s4_71,s4\s4_71.webp,s4,4,189,1,s4_71_normal,912
s4_72.webp,s4,72,normal,s4_72,s4\s4_72.webp,s4,4,190,1,s4_72_normal,913
s4_73.webp,s4,73,normal,s4_73,s4\s4_73.webp,s4,4,191,1,s4_73_normal,914
s4_74.webp,s4,74,normal,s4_74,s4\s4_74.webp,s4,4,192,1,s4_74_normal,915
s4_75.webp,s4,75,normal,s4_75,s4\s4_75.webp,s4,4,193,1,s4_75_normal,916
s4_76.webp,s4,76,normal,s4_76,s4\s4_76.webp,s4,4,194,1,s4_76_normal,918
s4_76_alt.webp,s4,76,alt,s4_76_alt,s4\s4_76_alt.webp,s4,4,194,0,s4_76_alt,917
s4_77.webp,s4,77,normal,s4_77,s4\s4_77.webp,s4,4,195,1,s4_77_normal,919
s4_78.webp,s4,78,normal,s4_78,s4\s4_78.webp,s4,4,196,1,s4_78_normal,920
s4_79.webp,s4,79,normal,s4_79,s4\s4_79.webp,s4,4,197,1,s4_79_normal,921
s4_8.webp,s4,8,normal,s4_8,s4\s4_8.webp,s4,4,198,1,s4_8_normal,933
s4_80.webp,s4,80,normal,s4_80,s4\s4_80.webp,s4,4,199,1,s4_80_normal,923
s4_81.webp,s4,81,normal,s4_81,s4\s4_81.webp,s4,4,200,1,s4_81_normal,924
s4_82.webp,s4,82,normal,s4_82,s4\s4_82.webp,s4,4,201,1,s4_82_normal,925
s4_83.webp,s4,83,normal,s4_83,s4\s4_83.webp,s4,4,202,1,s4_83_normal,926
s4_84.webp,s4,84,normal,s4_84,s4\s4_84.webp,s4,4,203,1,s4_84_normal,927
s4_85.webp,s4,85,normal,s4_85,s4\s4_85.webp,s4,4,204,1,s4_85_normal,928
s4_86.webp,s4,86,normal,s4_86,s4\s4_86.webp,s4,4,205,1,s4_86_normal,929
s4_87.webp,s4,87,normal,s4_87,s4\s4_87.webp,s4,4,206,1,s4_87_normal,930
s4_88.webp,s4,88,normal,s4_88,s4\s4_88.webp,s4,4,207,1,s4_88_normal,931
s4_89.webp,s4,89,normal,s4_89,s4\s4_89.webp,s4,4,208,1,s4_89_normal,932
s4_9.webp,s4,9,normal,s4_9,s4\s4_9.webp,s4,4,209,1,s4_9_normal,944
s4_90.webp,s4,90,normal,s4_90,s4\s4_90.webp,s4,4,210,1,s4_90_normal,934
s4_91.webp,s4,91,normal,s4_91,s4\s4_91.webp,s4,4,211,1,s4_91_normal,935
s4_92.webp,s4,92,normal,s4_92,s4\s4_92.webp,s4,4,212,1,s4_92_normal,936
s4_93.webp,s4,93,normal,s4_93,s4\s4_93.webp,s4,4,213,1,s4_93_normal,937
s4_94.webp,s4,94,normal,s4_94,s4\s4_94.webp,s4,4,214,1,s4_94_normal,938
s4_95.webp,s4,95,normal,s4_95,s4\s4_95.webp,s4,4,215,1,s4_95_normal,939
s4_96.webp,s4,96,normal,s4_96,s4\s4_96.webp,s4,4,216,1,s4_96_normal,940
s4_97.webp,s4,97,normal,s4_97,s4\s4_97.webp,s4,4,217,1,s4_97_normal,941
s4_98.webp,s4,98,normal,s4_98,s4\s4_98.webp,s4,4,218,1,s4_98_normal,942
s4_99.webp,s4,99,normal,s4_99,s4\s4_99.webp,s4,4,219,1,s4_99_normal,943
s5_1.webp,s5,1,normal,s5_1,s5\s5_1.webp,s5,5,0,1,s5_1_normal,1055
s5_10.webp,s5,10,normal,s5_10,s5\s5_10.webp,s5,5,1,1,s5_10_normal,955
s5_100.webp,s5,100,normal,s5_100,s5\s5_100.webp,s5,5,2,1,s5_100_normal,945
s5_101.webp,s5,101,normal,s5_101,s5\s5_101.webp,s5,5,3,1,s5_101_normal,946
s5_102.webp,s5,102,normal,s5_102,s5\s5_102.webp,s5,5,4,1,s5_102_normal,947
s5_103.webp,s5,103,normal,s5_103,s5\s5_103.webp,s5,5,5,1,s5_103_normal,948
s5_104.webp,s5,104,normal,s5_104,s5\s5_104.webp,s5,5,6,1,s5_104_normal,949
s5_105.webp,s5,105,normal,s5_105,s5\s5_105.webp,s5,5,7,1,s5_105_normal,950
s5_106.webp,s5,106,normal,s5_106,s5\s5_106.webp,s5,5,8,1,s5_106_normal,951
s5_107.webp,s5,107,normal,s5_107,s5\s5_107.webp,s5,5,9,1,s5_107_normal,952
s5_108.webp,s5,108,normal,s5_108,s5\s5_108.webp,s5,5,10,1,s5_108_normal,953
s5_109.webp,s5,109,normal,s5_109,s5\s5_109.webp,s5,5,11,1,s5_109_normal,954
s5_11.webp,s5,11,normal,s5_11,s5\s5_11.webp,s5,5,12,1,s5_11_normal,966
s5_110.webp,s5,110,normal,s5_110,s5\s5_110.webp,s5,5,13,1,s5_110_normal,956
s5_111.webp,s5,111,normal,s5_111,s5\s5_111.webp,s5,5,14,1,s5_111_normal,957
s5_112.webp,s5,112,normal,s5_112,s5\s5_112.webp,s5,5,15,1,s5_112_normal,958
s5_113.webp,s5,113,normal,s5_113,s5\s5_113.webp,s5,5,16,1,s5_113_normal,959
s5_114.webp,s5,114,normal,s5_114,s5\s5_114.webp,s5,5,17,1,s5_114_normal,960
s5_115.webp,s5,115,normal,s5_115,s5\s5_115.webp,s5,5,18,1,s5_115_normal,961
s5_116.webp,s5,116,normal,s5_116,s5\s5_116.webp,s5,5,19,1,s5_116_normal,962
s5_117.webp,s5,117,normal,s5_117,s5\s5_117.webp,s5,5,20,1,s5_117_normal,963
s5_118.webp,s5,118,normal,s5_118,s5\s5_118.webp,s5,5,21,1,s5_118_normal,964
s5_119.webp,s5,119,normal,s5_119,s5\s5_119.webp,s5,5,22,1,s5_119_normal,965
s5_12.webp,s5,12,normal,s5_12,s5\s5_12.webp,s5,5,23,1,s5_12_normal,977
s5_120.webp,s5,120,normal,s5_120,s5\s5_120.webp,s5,5,24,1,s5_120_normal,967
s5_121.webp,s5,121,normal,s5_121,s5\s5_121.webp,s5,5,25,1,s5_121_normal,968
s5_122.webp,s5,122,normal,s5_122,s5\s5_122.webp,s5,5,26,1,s5_122_normal,969
s5_123.webp,s5,123,normal,s5_123,s5\s5_123.webp,s5,5,27,1,s5_123_normal,970
s5_124.webp,s5,124,normal,s5_124,s5\s5_124.webp,s5,5,28,1,s5_124_normal,971
s5_125.webp,s5,125,normal,s5_125,s5\s5_125.webp,s5,5,29,1,s5_125_normal,972
s5_126.webp,s5,126,normal,s5_126,s5\s5_126.webp,s5,5,30,1,s5_126_normal,973
s5_127.webp,s5,127,normal,s5_127,s5\s5_127.webp,s5,5,31,1,s5_127_normal,974
s5_128.webp,s5,128,normal,s5_128,s5\s5_128.webp,s5,5,32,1,s5_128_normal,975
s5_129.webp,s5,129,normal,s5_129,s5\s5_129.webp,s5,5,33,1,s5_129_normal,976
s5_13.webp,s5,13,normal,s5_13,s5\s5_13.webp,s5,5,34,1,s5_13_normal,988
s5_130.webp,s5,130,normal,s5_130,s5\s5_130.webp,s5,5,35,1,s5_130_normal,978
s5_131.webp,s5,131,normal,s5_131,s5\s5_131.webp,s5,5,36,1,s5_131_normal,979
s5_132.webp,s5,132,normal,s5_132,s5\s5_132.webp,s5,5,37,1,s5_132_normal,980
s5_133.webp,s5,133,normal,s5_133,s5\s5_133.webp,s5,5,38,1,s5_133_normal,981
s5_134.webp,s5,134,normal,s5_134,s5\s5_134.webp,s5,5,39,1,s5_134_normal,982
s5_135.webp,s5,135,normal,s5_135,s5\s5_135.webp,s5,5,40,1,s5_135_normal,983
s5_136.webp,s5,136,normal,s5_136,s5\s5_136.webp,s5,5,41,1,s5_136_normal,984
s5_137.webp,s5,137,normal,s5_137,s5\s5_137.webp,s5,5,42,1,s5_137_normal,985
s5_138.webp,s5,138,normal,s5_138,s5\s5_138.webp,s5,5,43,1,s5_138_normal,986
s5_139.webp,s5,139,normal,s5_139,s5\s5_139.webp,s5,5,44,1,s5_139_normal,987
s5_14.webp,s5,14,normal,s5_14,s5\s5_14.webp,s5,5,45,1,s5_14_normal,999
s5_140.webp,s5,140,normal,s5_140,s5\s5_140.webp,s5,5,46,1,s5_140_normal,989
s5_141.webp,s5,141,normal,s5_141,s5\s5_141.webp,s5,5,47,1,s5_141_normal,990
s5_142.webp,s5,142,normal,s5_142,s5\s5_142.webp,s5,5,48,1,s5_142_normal,991
s5_143.webp,s5,143,normal,s5_143,s5\s5_143.webp,s5,5,49,1,s5_143_normal,992
s5_144.webp,s5,144,normal,s5_144,s5\s5_144.webp,s5,5,50,1,s5_144_normal,993
s5_145.webp,s5,145,normal,s5_145,s5\s5_145.webp,s5,5,51,1,s5_145_normal,994
s5_146.webp,s5,146,normal,s5_146,s5\s5_146.webp,s5,5,52,1,s5_146_normal,995
s5_147.webp,s5,147,normal,s5_147,s5\s5_147.webp,s5,5,53,1,s5_147_normal,996
s5_148.webp,s5,148,normal,s5_148,s5\s5_148.webp,s5,5,54,1,s5_148_normal,997
s5_149.webp,s5,149,normal,s5_149,s5\s5_149.webp,s5,5,55,1,s5_149_normal,998
s5_15.webp,s5,15,normal,s5_15,s5\s5_15.webp,s5,5,56,1,s5_15_normal,1010
s5_150.webp,s5,150,normal,s5_150,s5\s5_150.webp,s5,5,57,1,s5_150_normal,1000
s5_151.webp,s5,151,normal,s5_151,s5\s5_151.webp,s5,5,58,1,s5_151_normal,1001
s5_152.webp,s5,152,normal,s5_152,s5\s5_152.webp,s5,5,59,1,s5_152_normal,1002
s5_153.webp,s5,153,normal,s5_153,s5\s5_153.webp,s5,5,60,1,s5_153_normal,1003
s5_154.webp,s5,154,normal,s5_154,s5\s5_154.webp,s5,5,61,1,s5_154_normal,1004
s5_155.webp,s5,155,normal,s5_155,s5\s5_155.webp,s5,5,62,1,s5_155_normal,1005
s5_156.webp,s5,156,normal,s5_156,s5\s5_156.webp,s5,5,63,1,s5_156_normal,1006
s5_157.webp,s5,157,normal,s5_157,s5\s5_157.webp,s5,5,64,1,s5_157_normal,1007
s5_158.webp,s5,158,normal,s5_158,s5\s5_158.webp,s5,5,65,1,s5_158_normal,1008
s5_159.webp,s5,159,normal,s5_159,s5\s5_159.webp,s5,5,66,1,s5_159_normal,1009
s5_16.webp,s5,16,normal,s5_16,s5\s5_16.webp,s5,5,67,1,s5_16_normal,1021
s5_160.webp,s5,160,normal,s5_160,s5\s5_160.webp,s5,5,68,1,s5_160_normal,1011
s5_161.webp,s5,161,normal,s5_161,s5\s5_161.webp,s5,5,69,1,s5_161_normal,1012
s5_162.webp,s5,162,normal,s5_162,s5\s5_162.webp,s5,5,70,1,s5_162_normal,1013
s5_163.webp,s5,163,normal,s5_163,s5\s5_163.webp,s5,5,71,1,s5_163_normal,1014
s5_164.webp,s5,164,normal,s5_164,s5\s5_164.webp,s5,5,72,1,s5_164_normal,1015
s5_165.webp,s5,165,normal,s5_165,s5\s5_165.webp,s5,5,73,1,s5_165_normal,1016
s5_166.webp,s5,166,normal,s5_166,s5\s5_166.webp,s5,5,74,1,s5_166_normal,1017
s5_167.webp,s5,167,normal,s5_167,s5\s5_167.webp,s5,5,75,1,s5_167_normal,1018
s5_168.webp,s5,168,normal,s5_168,s5\s5_168.webp,s5,5,76,1,s5_168_normal,1019
s5_169.webp,s5,169,normal,s5_169,s5\s5_169.webp,s5,5,77,1,s5_169_normal,1020
s5_17.webp,s5,17,normal,s5_17,s5\s5_17.webp,s5,5,78,1,s5_17_normal,1032
s5_170.webp,s5,170,normal,s5_170,s5\s5_170.webp,s5,5,79,1,s5_170_normal,1022
s5_171.webp,s5,171,normal,s5_171,s5\s5_171.webp,s5,5,80,1,s5_171_normal,1023
s5_172.webp,s5,172,normal,s5_172,s5\s5_172.webp,s5,5,81,1,s5_172_normal,1024
s5_173.webp,s5,173,normal,s5_173,s5\s5_173.webp,s5,5,82,1,s5_173_normal,1025
s5_174.webp,s5,174,normal,s5_174,s5\s5_174.webp,s5,5,83,1,s5_174_normal,1026
s5_175.webp,s5,175,normal,s5_175,s5\s5_175.webp,s5,5,84,1,s5_175_normal,1027
s5_176.webp,s5,176,normal,s5_176,s5\s5_176.webp,s5,5,85,1,s5_176_normal,1028
s5_177.webp,s5,177,normal,s5_177,s5\s5_177.webp,s5,5,86,1,s5_177_normal,1029
s5_178.webp,s5,178,normal,s5_178,s5\s5_178.webp,s5,5,87,1,s5_178_normal,1030
s5_179.webp,s5,179,normal,s5_179,s5\s5_179.webp,s5,5,88,1,s5_179_normal,1031
s5_18.webp,s5,18,normal,s5_18,s5\s5_18.webp,s5,5,89,1,s5_18_normal,1043
s5_180.webp,s5,180,normal,s5_180,s5\s5_180.webp,s5,5,90,1,s5_180_normal,1033
s5_181.webp,s5,181,normal,s5_181,s5\s5_181.webp,s5,5,91,1,s5_181_normal,1034
s5_182.webp,s5,182,normal,s5_182,s5\s5_182.webp,s5,5,92,1,s5_182_normal,1035
s5_183.webp,s5,183,normal,s5_183,s5\s5_183.webp,s5,5,93,1,s5_183_normal,1036
s5_184.webp,s5,184,normal,s5_184,s5\s5_184.webp,s5,5,94,1,s5_184_normal,1037
s5_185.webp,s5,185,normal,s5_185,s5\s5_185.webp,s5,5,95,1,s5_185_normal,1038
s5_186.webp,s5,186,normal,s5_186,s5\s5_186.webp,s5,5,96,1,s5_186_normal,1039
s5_187.webp,s5,187,normal,s5_187,s5\s5_187.webp,s5,5,97,1,s5_187_normal,1040
s5_188.webp,s5,188,normal,s5_188,s5\s5_188.webp,s5,5,98,1,s5_188_normal,1041
s5_189.webp,s5,189,normal,s5_189,s5\s5_189.webp,s5,5,99,1,s5_189_normal,1042
s5_19.webp,s5,19,normal,s5_19,s5\s5_19.webp,s5,5,100,1,s5_19_normal,1054
s5_190.webp,s5,190,normal,s5_190,s5\s5_190.webp,s5,5,101,1,s5_190_normal,1044
s5_191.webp,s5,191,normal,s5_191,s5\s5_191.webp,s5,5,102,1,s5_191_normal,1045
s5_192.webp,s5,192,normal,s5_192,s5\s5_192.webp,s5,5,103,1,s5_192_normal,1046
s5_193.webp,s5,193,normal,s5_193,s5\s5_193.webp,s5,5,104,1,s5_193_normal,1047
s5_194.webp,s5,194,normal,s5_194,s5\s5_194.webp,s5,5,105,1,s5_194_normal,1048
s5_195.webp,s5,195,normal,s5_195,s5\s5_195.webp,s5,5,106,1,s5_195_normal,1049
s5_196.webp,s5,196,normal,s5_196,s5\s5_196.webp,s5,5,107,1,s5_196_normal,1050
s5_197.webp,s5,197,normal,s5_197,s5\s5_197.webp,s5,5,108,1,s5_197_normal,1051
s5_198.webp,s5,198,normal,s5_198,s5\s5_198.webp,s5,5,109,1,s5_198_normal,1052
s5_199.webp,s5,199,normal,s5_199,s5\s5_199.webp,s5,5,110,1,s5_199_normal,1053
s5_2.webp,s5,2,normal,s5_2,s5\s5_2.webp,s5,5,111,1,s5_2_normal,1087
s5_20.webp,s5,20,normal,s5_20,s5\s5_20.webp,s5,5,112,1,s5_20_normal,1066
s5_200.webp,s5,200,normal,s5_200,s5\s5_200.webp,s5,5,113,1,s5_200_normal,1056
s5_201.webp,s5,201,normal,s5_201,s5\s5_201.webp,s5,5,114,1,s5_201_normal,1057
s5_202.webp,s5,202,normal,s5_202,s5\s5_202.webp,s5,5,115,1,s5_202_normal,1058
s5_203.webp,s5,203,normal,s5_203,s5\s5_203.webp,s5,5,116,1,s5_203_normal,1059
s5_204.webp,s5,204,normal,s5_204,s5\s5_204.webp,s5,5,117,1,s5_204_normal,1060
s5_205.webp,s5,205,normal,s5_205,s5\s5_205.webp,s5,5,118,1,s5_205_normal,1061
s5_206.webp,s5,206,normal,s5_206,s5\s5_206.webp,s5,5,119,1,s5_206_normal,1062
s5_207.webp,s5,207,normal,s5_207,s5\s5_207.webp,s5,5,120,1,s5_207_normal,1063
s5_208.webp,s5,208,normal,s5_208,s5\s5_208.webp,s5,5,121,1,s5_208_normal,1064
s5_209.webp,s5,209,normal,s5_209,s5\s5_209.webp,s5,5,122,1,s5_209_normal,1065
s5_21.webp,s5,21,normal,s5_21,s5\s5_21.webp,s5,5,123,1,s5_21_normal,1077
s5_210.webp,s5,210,normal,s5_210,s5\s5_210.webp,s5,5,124,1,s5_210_normal,1067
s5_211.webp,s5,211,normal,s5_211,s5\s5_211.webp,s5,5,125,1,s5_211_normal,1068
s5_212.webp,s5,212,normal,s5_212,s5\s5_212.webp,s5,5,126,1,s5_212_normal,1069
s5_213.webp,s5,213,normal,s5_213,s5\s5_213.webp,s5,5,127,1,s5_213_normal,1070
s5_214.webp,s5,214,normal,s5_214,s5\s5_214.webp,s5,5,128,1,s5_214_normal,1071
s5_215.webp,s5,215,normal,s5_215,s5\s5_215.webp,s5,5,129,1,s5_215_normal,1072
s5_216.webp,s5,216,normal,s5_216,s5\s5_216.webp,s5,5,130,1,s5_216_normal,1073
s5_217.webp,s5,217,normal,s5_217,s5\s5_217.webp,s5,5,131,1,s5_217_normal,1074
s5_218.webp,s5,218,normal,s5_218,s5\s5_218.webp,s5,5,132,1,s5_218_normal,1075
s5_219.webp,s5,219,normal,s5_219,s5\s5_219.webp,s5,5,133,1,s5_219_normal,1076
s5_22.webp,s5,22,normal,s5_22,s5\s5_22.webp,s5,5,134,1,s5_22_normal,1079
s5_220.webp,s5,220,normal,s5_220,s5\s5_220.webp,s5,5,135,1,s5_220_normal,1078
s5_23.webp,s5,23,normal,s5_23,s5\s5_23.webp,s5,5,136,1,s5_23_normal,1080
s5_24.webp,s5,24,normal,s5_24,s5\s5_24.webp,s5,5,137,1,s5_24_normal,1081
s5_25.webp,s5,25,normal,s5_25,s5\s5_25.webp,s5,5,138,1,s5_25_normal,1082
s5_26.webp,s5,26,normal,s5_26,s5\s5_26.webp,s5,5,139,1,s5_26_normal,1083
s5_27.webp,s5,27,normal,s5_27,s5\s5_27.webp,s5,5,140,1,s5_27_normal,1084
s5_28.webp,s5,28,normal,s5_28,s5\s5_28.webp,s5,5,141,1,s5_28_normal,1085
s5_29.webp,s5,29,normal,s5_29,s5\s5_29.webp,s5,5,142,1,s5_29_normal,1086
s5_3.webp,s5,3,normal,s5_3,s5\s5_3.webp,s5,5,143,1,s5_3_normal,1098
s5_30.webp,s5,30,normal,s5_30,s5\s5_30.webp,s5,5,144,1,s5_30_normal,1088
s5_31.webp,s5,31,normal,s5_31,s5\s5_31.webp,s5,5,145,1,s5_31_normal,1089
s5_32.webp,s5,32,normal,s5_32,s5\s5_32.webp,s5,5,146,1,s5_32_normal,1090
s5_33.webp,s5,33,normal,s5_33,s5\s5_33.webp,s5,5,147,1,s5_33_normal,1091
s5_34.webp,s5,34,normal,s5_34,s5\s5_34.webp,s5,5,148,1,s5_34_normal,1092
s5_35.webp,s5,35,normal,s5_35,s5\s5_35.webp,s5,5,149,1,s5_35_normal,1093
s5_36.webp,s5,36,normal,s5_36,s5\s5_36.webp,s5,5,150,1,s5_36_normal,1094
s5_37.webp,s5,37,normal,s5_37,s5\s5_37.webp,s5,5,151,1,s5_37_normal,1095
s5_38.webp,s5,38,normal,s5_38,s5\s5_38.webp,s5,5,152,1,s5_38_normal,1096
s5_39.webp,s5,39,normal,s5_39,s5\s5_39.webp,s5,5,153,1,s5_39_normal,1097
s5_4.webp,s5,4,normal,s5_4,s5\s5_4.webp,s5,5,154,1,s5_4_normal,1109
s5_40.webp,s5,40,normal,s5_40,s5\s5_40.webp,s5,5,155,1,s5_40_normal,1099
s5_41.webp,s5,41,normal,s5_41,s5\s5_41.webp,s5,5,156,1,s5_41_normal,1100
s5_42.webp,s5,42,normal,s5_42,s5\s5_42.webp,s5,5,157,1,s5_42_normal,1101
s5_43.webp,s5,43,normal,s5_43,s5\s5_43.webp,s5,5,158,1,s5_43_normal,1102
s5_44.webp,s5,44,normal,s5_44,s5\s5_44.webp,s5,5,159,1,s5_44_normal,1103
s5_45.webp,s5,45,normal,s5_45,s5\s5_45.webp,s5,5,160,1,s5_45_normal,1104
s5_46.webp,s5,46,normal,s5_46,s5\s5_46.webp,s5,5,161,1,s5_46_normal,1105
s5_47.webp,s5,47,normal,s5_47,s5\s5_47.webp,s5,5,162,1,s5_47_normal,1106
s5_48.webp,s5,48,normal,s5_48,s5\s5_48.webp,s5,5,163,1,s5_48_normal,1107
s5_49.webp,s5,49,normal,s5_49,s5\s5_49.webp,s5,5,164,1,s5_49_normal,1108
s5_5.webp,s5,5,normal,s5_5,s5\s5_5.webp,s5,5,165,1,s5_5_normal,1120
s5_50.webp,s5,50,normal,s5_50,s5\s5_50.webp,s5,5,166,1,s5_50_normal,1110
s5_51.webp,s5,51,normal,s5_51,s5\s5_51.webp,s5,5,167,1,s5_51_normal,1111
s5_52.webp,s5,52,normal,s5_52,s5\s5_52.webp,s5,5,168,1,s5_52_normal,1112
s5_53.webp,s5,53,normal,s5_53,s5\s5_53.webp,s5,5,169,1,s5_53_normal,1113
s5_54.webp,s5,54,normal,s5_54,s5\s5_54.webp,s5,5,170,1,s5_54_normal,1114
s5_55.webp,s5,55,normal,s5_55,s5\s5_55.webp,s5,5,171,1,s5_55_normal,1115
s5_56.webp,s5,56,normal,s5_56,s5\s5_56.webp,s5,5,172,1,s5_56_normal,1116
s5_57.webp,s5,57,normal,s5_57,s5\s5_57.webp,s5,5,173,1,s5_57_normal,1117
s5_58.webp,s5,58,normal,s5_58,s5\s5_58.webp,s5,5,174,1,s5_58_normal,1118
s5_59.webp,s5,59,normal,s5_59,s5\s5_59.webp,s5,5,175,1,s5_59_normal,1119
s5_6.webp,s5,6,normal,s5_6,s5\s5_6.webp,s5,5,176,1,s5_6_normal,1131
s5_60.webp,s5,60,normal,s5_60,s5\s5_60.webp,s5,5,177,1,s5_60_normal,1121
s5_61.webp,s5,61,normal,s5_61,s5\s5_61.webp,s5,5,178,1,s5_61_normal,1122
s5_62.webp,s5,62,normal,s5_62,s5\s5_62.webp,s5,5,179,1,s5_62_normal,1123
s5_63.webp,s5,63,normal,s5_63,s5\s5_63.webp,s5,5,180,1,s5_63_normal,1124
s5_64.webp,s5,64,normal,s5_64,s5\s5_64.webp,s5,5,181,1,s5_64_normal,1125
s5_65.webp,s5,65,normal,s5_65,s5\s5_65.webp,s5,5,182,1,s5_65_normal,1126
s5_66.webp,s5,66,normal,s5_66,s5\s5_66.webp,s5,5,183,1,s5_66_normal,1127
s5_67.webp,s5,67,normal,s5_67,s5\s5_67.webp,s5,5,184,1,s5_67_normal,1128
s5_68.webp,s5,68,normal,s5_68,s5\s5_68.webp,s5,5,185,1,s5_68_normal,1129
s5_69.webp,s5,69,normal,s5_69,s5\s5_69.webp,s5,5,186,1,s5_69_normal,1130
s5_7.webp,s5,7,normal,s5_7,s5\s5_7.webp,s5,5,187,1,s5_7_normal,1142
s5_70.webp,s5,70,normal,s5_70,s5\s5_70.webp,s5,5,188,1,s5_70_normal,1132
s5_71.webp,s5,71,normal,s5_71,s5\s5_71.webp,s5,5,189,1,s5_71_normal,1133
s5_72.webp,s5,72,normal,s5_72,s5\s5_72.webp,s5,5,190,1,s5_72_normal,1134
s5_73.webp,s5,73,normal,s5_73,s5\s5_73.webp,s5,5,191,1,s5_73_normal,1135
s5_74.webp,s5,74,normal,s5_74,s5\s5_74.webp,s5,5,192,1,s5_74_normal,1136
s5_75.webp,s5,75,normal,s5_75,s5\s5_75.webp,s5,5,193,1,s5_75_normal,1137
s5_76.webp,s5,76,normal,s5_76,s5\s5_76.webp,s5,5,194,1,s5_76_normal,1138
s5_77.webp,s5,77,normal,s5_77,s5\s5_77.webp,s5,5,195,1,s5_77_normal,1139
s5_78.webp,s5,78,normal,s5_78,s5\s5_78.webp,s5,5,196,1,s5_78_normal,1140
s5_79.webp,s5,79,normal,s5_79,s5\s5_79.webp,s5,5,197,1,s5_79_normal,1141
s5_8.webp,s5,8,normal,s5_8,s5\s5_8.webp,s5,5,198,1,s5_8_normal,1153
s5_80.webp,s5,80,normal,s5_80,s5\s5_80.webp,s5,5,199,1,s5_80_normal,1143
s5_81.webp,s5,81,normal,s5_81,s5\s5_81.webp,s5,5,200,1,s5_81_normal,1144
s5_82.webp,s5,82,normal,s5_82,s5\s5_82.webp,s5,5,201,1,s5_82_normal,1145
s5_83.webp,s5,83,normal,s5_83,s5\s5_83.webp,s5,5,202,1,s5_83_normal,1146
s5_84.webp,s5,84,normal,s5_84,s5\s5_84.webp,s5,5,203,1,s5_84_normal,1147
s5_85.webp,s5,85,normal,s5_85,s5\s5_85.webp,s5,5,204,1,s5_85_normal,1148
s5_86.webp,s5,86,normal,s5_86,s5\s5_86.webp,s5,5,205,1,s5_86_normal,1149
s5_87.webp,s5,87,normal,s5_87,s5\s5_87.webp,s5,5,206,1,s5_87_normal,1150
s5_88.webp,s5,88,normal,s5_88,s5\s5_88.webp,s5,5,207,1,s5_88_normal,1151
s5_89.webp,s5,89,normal,s5_89,s5\s5_89.webp,s5,5,208,1,s5_89_normal,1152
s5_9.webp,s5,9,normal,s5_9,s5\s5_9.webp,s5,5,209,1,s5_9_normal,1164
s5_90.webp,s5,90,normal,s5_90,s5\s5_90.webp,s5,5,210,1,s5_90_normal,1154
s5_91.webp,s5,91,normal,s5_91,s5\s5_91.webp,s5,5,211,1,s5_91_normal,1155
s5_92.webp,s5,92,normal,s5_92,s5\s5_92.webp,s5,5,212,1,s5_92_normal,1156
s5_93.webp,s5,93,normal,s5_93,s5\s5_93.webp,s5,5,213,1,s5_93_normal,1157
s5_94.webp,s5,94,normal,s5_94,s5\s5_94.webp,s5,5,214,1,s5_94_normal,1158
s5_95.webp,s5,95,normal,s5_95,s5\s5_95.webp,s5,5,215,1,s5_95_normal,1159
s5_96.webp,s5,96,normal,s5_96,s5\s5_96.webp,s5,5,216,1,s5_96_normal,1160
s5_97.webp,s5,97,normal,s5_97,s5\s5_97.webp,s5,5,217,1,s5_97_normal,1161
s5_98.webp,s5,98,normal,s5_98,s5\s5_98.webp,s5,5,218,1,s5_98_normal,1162
s5_99.webp,s5,99,normal,s5_99,s5\s5_99.webp,s5,5,219,1,s5_99_normal,1163
